npm/npmjs/@theia/outline-view/1.6.0, , approved, eclipse
npm/npmjs/@theia/getting-started/1.6.0, , approved, eclipse
npm/npmjs/@theia/timeline/1.6.0, , approved, eclipse
npm/npmjs/@theia/git/1.6.0, , approved, eclipse
npm/npmjs/@theia/plugin-ext/1.6.0, , approved, eclipse
npm/npmjs/@theia/filesystem/1.6.0, , approved, eclipse
npm/npmjs/@theia/messages/1.6.0, , approved, eclipse
npm/npmjs/@theia/plugin-ext-vscode/1.6.0, , approved, eclipse
npm/npmjs/@theia/typehierarchy/1.6.0, , approved, eclipse
npm/npmjs/@theia/search-in-workspace/1.6.0, , approved, eclipse
npm/npmjs/@theia/electron/1.6.0, , approved, eclipse
npm/npmjs/@theia/node-pty/0.9.0-theia.6, , approved, eclipse
npm/npmjs/@theia/file-search/1.6.0, , approved, eclipse
npm/npmjs/@theia/console/1.6.0, , approved, eclipse
npm/npmjs/@theia/preferences/1.6.0, , approved, eclipse
npm/npmjs/@theia/application-package/1.6.0, , approved, eclipse
npm/npmjs/@theia/process/1.6.0, , approved, eclipse
npm/npmjs/@theia/output/1.6.0, , approved, eclipse
npm/npmjs/@theia/cli/1.6.0, , approved, eclipse
npm/npmjs/@theia/keymaps/1.6.0, , approved, eclipse
npm/npmjs/@theia/callhierarchy/1.6.0, , approved, eclipse
npm/npmjs/@theia/application-manager/1.6.0, , approved, eclipse
npm/npmjs/@theia/monaco/1.6.0, , approved, eclipse
npm/npmjs/@theia/editor/1.6.0, , approved, eclipse
npm/npmjs/@theia/navigator/1.6.0, , approved, eclipse
npm/npmjs/@theia/userstorage/1.6.0, , approved, eclipse
npm/npmjs/@theia/core/1.6.0, , approved, eclipse
npm/npmjs/@theia/vsx-registry/1.6.0, , approved, eclipse
npm/npmjs/-/byline/5.0.0, , approved, CQ18717
npm/npmjs/-/esutils/2.0.3, , approved, CQ18717
npm/npmjs/-/babel-helper-define-map/6.26.0, , approved, CQ18717
npm/npmjs/-/postcss-svgo/2.1.6, , approved, CQ18717
npm/npmjs/-/detect-libc/1.0.3, Apache-2.0, approved, CQ16925
npm/npmjs/-/p-queue/2.4.2, , approved, CQ18717
npm/npmjs/-/mixin-deep/1.3.2, , approved, CQ18717
npm/npmjs/-/depd/1.1.2, MIT, approved, CQ16925
npm/npmjs/-/repeating/2.0.1, MIT, approved, CQ16925
npm/npmjs/-/snapdragon-node/2.1.1, , approved, CQ18717
npm/npmjs/-/eslint-scope/4.0.3, , approved, CQ18717
npm/npmjs/-/to-regex/3.0.2, , approved, CQ18717
npm/npmjs/@types/highlight.js/9.12.4, , approved, CQ18717
npm/npmjs/@phosphor/properties/1.1.3, BSD-3-Clause, approved, emo_ip_team
npm/npmjs/-/unzip-stream/0.3.1, , approved, CQ18717
npm/npmjs/@xtuc/ieee754/1.2.0, , approved, CQ18717
npm/npmjs/-/font-awesome/4.7.0, OFL-1.1 AND MIT, approved, emo_ip_team
npm/npmjs/-/babel-plugin-syntax-class-constructor-call/6.18.0, , approved, CQ18717
npm/npmjs/-/multimatch/2.1.0, , approved, CQ18717
npm/npmjs/-/babel-helper-explode-assignable-expression/6.24.1, , approved, CQ18717
npm/npmjs/-/is-scoped/1.0.0, , approved, CQ18717
npm/npmjs/-/delegates/1.0.0, MIT, approved, CQ16925
npm/npmjs/-/unset-value/1.0.0, , approved, CQ18717
npm/npmjs/-/postcss-minify-font-values/1.0.5, , approved, CQ18717
npm/npmjs/-/xdg-trashdir/2.1.1, , approved, CQ18717
npm/npmjs/-/to-arraybuffer/1.0.1, MIT, approved, CQ16925
npm/npmjs/-/aws-sign2/0.7.0, Apache-2.0, approved, CQ16925
npm/npmjs/-/atob/2.1.2, , approved, CQ18717
npm/npmjs/-/regenerator-transform/0.10.1, , approved, CQ18717
npm/npmjs/@sindresorhus/df/1.0.1, , approved, CQ18717
npm/npmjs/-/copy-concurrently/1.0.5, , approved, CQ18717
npm/npmjs/-/regjsgen/0.2.0, , approved, CQ18717
npm/npmjs/-/file-type/6.2.0, , approved, CQ18717
npm/npmjs/-/setimmediate/1.0.5, , approved, CQ18717
npm/npmjs/-/xdg-basedir/2.0.0, , approved, CQ18717
npm/npmjs/-/babel-runtime/6.26.0, , approved, CQ18717
npm/npmjs/-/decamelize/1.2.0, MIT, approved, CQ16925
npm/npmjs/-/lodash.uniq/4.5.0, , approved, CQ18717
npm/npmjs/-/set-value/2.0.1, , approved, CQ18717
npm/npmjs/-/babel-helper-builder-binary-assignment-operator-visitor/6.24.1, , approved, CQ18717
npm/npmjs/-/dashdash/1.14.1, MIT, approved, CQ16925
npm/npmjs/-/verror/1.10.0, MIT, approved, CQ16925
npm/npmjs/-/number-is-nan/1.0.1, MIT, approved, CQ16925
npm/npmjs/-/cli-table/0.3.1, , approved, CQ18717
npm/npmjs/-/vinyl/2.2.1, , approved, CQ18717
npm/npmjs/-/babel-plugin-transform-export-extensions/6.22.0, , approved, CQ18717
npm/npmjs/-/filename-reserved-regex/2.0.0, , approved, CQ18717
npm/npmjs/-/path-exists/2.1.0, MIT, approved, CQ16925
npm/npmjs/-/browserify-cipher/1.0.1, MIT, approved, CQ16925
npm/npmjs/-/babel-plugin-transform-async-generator-functions/6.24.1, , approved, CQ18717
npm/npmjs/-/ieee754/1.1.13, BSD-3-Clause, approved, CQ16925
npm/npmjs/-/minimist/1.2.5, MIT, approved, CQ16925
npm/npmjs/-/etag/1.8.1, MIT, approved, CQ16925
npm/npmjs/-/assertion-error/1.1.0, , approved, CQ17757
npm/npmjs/-/for-in/1.0.2, , approved, CQ17757
npm/npmjs/-/globals/9.18.0, , approved, CQ18717
npm/npmjs/-/babel-plugin-transform-strict-mode/6.24.1, , approved, CQ18717
npm/npmjs/-/array-flatten/1.1.1, MIT, approved, CQ16925
npm/npmjs/-/from2/2.3.0, , approved, CQ18717
npm/npmjs/-/defined/1.0.0, MIT, approved, CQ16925
npm/npmjs/-/postcss-modules-extract-imports/1.2.1, , approved, CQ18717
npm/npmjs/-/checksum/0.1.1, , approved, CQ18717
npm/npmjs/-/is-utf8/0.2.1, MIT, approved, CQ16925
npm/npmjs/@types/lodash.throttle/4.1.6, MIT, approved, emo_ip_team
npm/npmjs/-/extend-shallow/3.0.2, , approved, CQ18717
npm/npmjs/@types/caseless/0.12.2, , approved, CQ18717
npm/npmjs/-/aproba/1.2.0, ISC, approved, CQ16925
npm/npmjs/-/remove-trailing-separator/1.1.0, , approved, CQ18717
npm/npmjs/-/spdx-license-ids/3.0.6, CC0-1.0, approved, CQ16925
npm/npmjs/-/pause-stream/0.0.11, MIT AND Apache-2.0, approved, emo_ip_team
npm/npmjs/@xtuc/long/4.2.2, , approved, CQ18717
npm/npmjs/-/deepmerge/2.0.1, , approved, CQ18717
npm/npmjs/-/strip-eof/1.0.0, , approved, CQ17757
npm/npmjs/-/minimalistic-crypto-utils/1.0.1, MIT, approved, CQ16925
npm/npmjs/-/repeat-element/1.1.3, , approved, CQ17757
npm/npmjs/-/isbinaryfile/3.0.3, , approved, CQ18717
npm/npmjs/-/isstream/0.1.2, MIT, approved, CQ16925
npm/npmjs/-/deep-extend/0.6.0, MIT, approved, CQ16925
npm/npmjs/-/electron-to-chromium/1.3.582, , approved, CQ18717
npm/npmjs/-/back/0.1.5, , approved, CQ18717
npm/npmjs/-/dateformat/3.0.3, , approved, CQ18717
npm/npmjs/-/is-redirect/1.0.0, , approved, CQ17757
npm/npmjs/-/ee-first/1.1.1, MIT, approved, CQ16925
npm/npmjs/-/file-loader/1.1.11, , approved, CQ18717
npm/npmjs/-/source-map-url/0.4.0, , approved, CQ18717
npm/npmjs/-/get-func-name/2.0.0, , approved, CQ17757
npm/npmjs/-/buffer-from/1.1.1, , approved, CQ18717
npm/npmjs/-/async-limiter/1.0.1, , approved, CQ18717
npm/npmjs/-/postcss-merge-longhand/2.0.2, , approved, CQ18717
npm/npmjs/-/unzip-response/2.0.1, , approved, CQ17757
npm/npmjs/-/buffer-fill/1.0.0, MIT, approved, CQ16925
npm/npmjs/-/postcss-convert-values/2.6.1, , approved, CQ18717
npm/npmjs/-/first-chunk-stream/2.0.0, , approved, CQ18717
npm/npmjs/-/make-dir/1.3.0, , approved, CQ17757
npm/npmjs/-/underscore/1.6.0, , approved, CQ18717
npm/npmjs/-/json5/1.0.1, MIT, approved, CQ22351
npm/npmjs/-/resolve-from/3.0.0, , approved, CQ18717
npm/npmjs/-/traverse/0.3.9, , approved, CQ18717
npm/npmjs/-/babel-generator/6.26.1, , approved, CQ18717
npm/npmjs/-/esprima/3.1.3, , approved, CQ18717
npm/npmjs/-/buffer-crc32/0.2.13, , approved, CQ18717
npm/npmjs/-/svgo/0.7.2, , approved, CQ18717
npm/npmjs/-/postcss-normalize-charset/1.1.1, , approved, CQ18717
npm/npmjs/-/forever-agent/0.6.1, Apache-2.0, approved, CQ16925
npm/npmjs/-/babel-plugin-transform-es2015-template-literals/6.22.0, , approved, CQ18717
npm/npmjs/-/github-from-package/0.0.0, MIT, approved, CQ16925
npm/npmjs/-/binary/0.3.0, , approved, CQ18717
npm/npmjs/-/asynckit/0.4.0, MIT, approved, CQ16925
npm/npmjs/-/tunnel-agent/0.6.0, Apache-2.0, approved, CQ16925
npm/npmjs/-/ms/2.1.1, , approved, CQ17757
npm/npmjs/-/babel-plugin-transform-object-rest-spread/6.26.0, , approved, CQ18717
npm/npmjs/-/regjsparser/0.1.5, , approved, CQ18717
npm/npmjs/@types/range-parser/1.2.3, , approved, CQ18717
npm/npmjs/-/babel-plugin-syntax-dynamic-import/6.18.0, , approved, CQ18717
npm/npmjs/-/fragment-cache/0.2.1, , approved, CQ18717
npm/npmjs/-/regenerator-runtime/0.11.1, , approved, CQ18717
npm/npmjs/-/json-stringify-safe/5.0.1, ISC, approved, CQ16925
npm/npmjs/-/mime/1.6.0, , approved, CQ18717
npm/npmjs/-/escape-html/1.0.3, MIT, approved, CQ16925
npm/npmjs/-/postcss-discard-duplicates/2.1.0, , approved, CQ18717
npm/npmjs/-/progress/2.0.3, , approved, CQ18717
npm/npmjs/-/babel-types/6.26.0, , approved, CQ18717
npm/npmjs/-/icss-utils/2.1.0, , approved, CQ18717
npm/npmjs/-/lodash.memoize/4.1.2, , approved, CQ18717
npm/npmjs/-/path-browserify/0.0.1, MIT, approved, CQ16925
npm/npmjs/-/fs-constants/1.0.0, MIT, approved, CQ16925
npm/npmjs/-/global-prefix/1.0.2, , approved, CQ18717
npm/npmjs/-/caseless/0.12.0, Apache-2.0, approved, CQ16925
npm/npmjs/-/babel-helpers/6.24.1, , approved, CQ18717
npm/npmjs/-/postcss-reduce-idents/2.4.0, , approved, CQ18717
npm/npmjs/-/sha.js/2.4.11, MIT AND BSD-3-Clause, approved, emo_ip_team
npm/npmjs/-/homedir-polyfill/1.0.3, , approved, CQ18717
npm/npmjs/-/split-string/3.1.0, , approved, CQ18717
npm/npmjs/-/uniq/1.0.1, , approved, CQ18717
npm/npmjs/-/postcss-normalize-url/3.0.8, , approved, CQ18717
npm/npmjs/-/qs/6.5.2, BSD-3-Clause, approved, CQ16925
npm/npmjs/-/schema-utils/0.4.7, , approved, CQ18717
npm/npmjs/-/babel-plugin-transform-es2015-parameters/6.24.1, , approved, CQ18717
npm/npmjs/-/single-line-log/1.1.2, , approved, CQ18717
npm/npmjs/-/cookie-signature/1.0.6, MIT, approved, CQ16925
npm/npmjs/-/babel-traverse/6.26.0, , approved, CQ18717
npm/npmjs/-/default-shell/1.0.1, , approved, CQ18717
npm/npmjs/-/buffer-xor/1.0.3, MIT, approved, CQ16925
npm/npmjs/-/colors/1.1.2, , approved, CQ18717
npm/npmjs/-/postcss-filter-plugins/2.0.3, , approved, CQ18717
npm/npmjs/-/request/2.88.2, , approved, CQ18717
npm/npmjs/-/fast-plist/0.1.2, , approved, CQ18717
npm/npmjs/-/is-accessor-descriptor/0.1.6, , approved, CQ17757
npm/npmjs/-/pinkie-promise/2.0.1, MIT, approved, CQ16925
npm/npmjs/-/ajv/6.12.6, , approved, emo_ip_team
npm/npmjs/-/buffers/0.1.1, , approved, CQ18717
npm/npmjs/-/is-glob/2.0.1, , approved, CQ17757
npm/npmjs/@types/diff/3.5.3, , approved, CQ18717
npm/npmjs/-/html-comment-regex/1.1.2, , approved, CQ18717
npm/npmjs/-/alphanum-sort/1.0.2, , approved, CQ18717
npm/npmjs/-/is-absolute-url/2.1.0, , approved, CQ18717
npm/npmjs/-/is-dotfile/1.0.3, , approved, CQ17757
npm/npmjs/-/map-cache/0.2.2, , approved, CQ18717
npm/npmjs/-/babel-plugin-syntax-decorators/6.13.0, , approved, CQ18717
npm/npmjs/-/once/1.4.0, ISC, approved, CQ16925
npm/npmjs/-/webpack-cli/2.0.12, , approved, CQ18717
npm/npmjs/-/uniqs/2.0.0, , approved, CQ18717
npm/npmjs/-/domain-browser/1.2.0, MIT, approved, CQ16925
npm/npmjs/-/array-find-index/1.0.2, MIT, approved, CQ16925
npm/npmjs/-/chrome-trace-event/1.0.2, , approved, CQ18717
npm/npmjs/-/extend/3.0.2, , approved, CQ18717
npm/npmjs/-/union-value/1.0.1, , approved, CQ18717
npm/npmjs/-/event-stream/3.3.4, , approved, CQ18717
npm/npmjs/-/colormin/1.1.2, , approved, CQ18717
npm/npmjs/-/postcss-value-parser/3.3.1, , approved, CQ18717
npm/npmjs/-/rechoir/0.6.2, , approved, CQ18717
npm/npmjs/-/anymatch/2.0.0, , approved, CQ17757
npm/npmjs/-/color-name/1.1.3, , approved, CQ17757
npm/npmjs/-/base64-js/1.3.1, MIT, approved, CQ16925
npm/npmjs/-/js-tokens/3.0.2, , approved, CQ18717
npm/npmjs/-/has-unicode/2.0.1, ISC, approved, CQ16925
npm/npmjs/-/brorand/1.1.0, MIT, approved, CQ16925
npm/npmjs/-/wrappy/1.0.2, ISC, approved, CQ16925
npm/npmjs/-/require-directory/2.1.1, , approved, CQ18717
npm/npmjs/-/worker-loader/1.1.1, , approved, CQ18717
npm/npmjs/-/babel-plugin-syntax-class-properties/6.13.0, , approved, CQ18717
npm/npmjs/-/babel-helper-remap-async-to-generator/6.24.1, , approved, CQ18717
npm/npmjs/-/isarray/0.0.1, MIT, approved, CQ16925
npm/npmjs/-/accepts/1.3.7, MIT, approved, CQ16925
npm/npmjs/-/postcss-modules-scope/1.1.0, , approved, CQ18717
npm/npmjs/-/growl/1.10.5, , approved, CQ17757
npm/npmjs/-/har-schema/2.0.0, ISC, approved, CQ16925
npm/npmjs/-/duplexer2/0.1.4, BSD-3-Clause, approved, CQ16925
npm/npmjs/@types/route-parser/0.1.3, MIT, approved, emo_ip_team
npm/npmjs/-/normalize-range/0.1.2, , approved, CQ18717
npm/npmjs/-/performance-now/2.1.0, MIT, approved, CQ16925
npm/npmjs/@phosphor/coreutils/1.3.1, BSD-3-Clause, approved, emo_ip_team
npm/npmjs/-/sax/1.2.4, , approved, CQ18717
npm/npmjs/-/es6-promise/4.2.8, , approved, CQ18717
npm/npmjs/-/path-type/1.1.0, MIT, approved, CQ16925
npm/npmjs/@types/minimatch/3.0.3, , approved, CQ18717
npm/npmjs/-/file-icons-js/1.0.3, , approved, CQ18717
npm/npmjs/-/os-browserify/0.3.0, MIT, approved, CQ16925
npm/npmjs/-/got/6.7.1, , approved, CQ17757
npm/npmjs/-/setprototypeof/1.1.1, ISC, approved, CQ16925
npm/npmjs/-/brace-expansion/1.1.11, MIT, approved, CQ16925
npm/npmjs/-/icss-replace-symbols/1.1.0, , approved, CQ18717
npm/npmjs/-/log-update/1.0.2, , approved, CQ18717
npm/npmjs/-/anser/1.4.10, , approved, CQ18717
npm/npmjs/-/ret/0.1.15, , approved, CQ18717
npm/npmjs/-/is-natural-number/4.0.1, , approved, CQ18717
npm/npmjs/-/process/0.11.10, MIT, approved, CQ16925
npm/npmjs/-/browserify-rsa/4.0.1, MIT, approved, CQ16925
npm/npmjs/-/debug/3.2.6, , approved, CQ17757
npm/npmjs/-/p-locate/2.0.0, , approved, CQ18717
npm/npmjs/-/punycode/1.4.1, MIT, approved, CQ16925
npm/npmjs/-/crypto-browserify/3.12.0, MIT, approved, CQ16925
npm/npmjs/-/jsesc/1.3.0, , approved, CQ18717
npm/npmjs/-/babel-plugin-transform-exponentiation-operator/6.24.1, , approved, CQ18717
npm/npmjs/-/JSONStream/1.3.5, (MIT OR Apache-2.0), approved, CQ16925
npm/npmjs/-/is-observable/0.2.0, , approved, CQ18717
npm/npmjs/-/babel-plugin-transform-es2015-classes/6.24.1, , approved, CQ18717
npm/npmjs/-/v8-compile-cache/1.1.2, , approved, CQ18717
npm/npmjs/-/http-cache-semantics/3.8.1, , approved, CQ17757
npm/npmjs/-/import-lazy/2.1.0, , approved, CQ17757
npm/npmjs/-/invariant/2.2.4, , approved, CQ18717
npm/npmjs/-/oniguruma/7.2.1, MIT, approved, emo_ip_team
npm/npmjs/-/babel-helper-explode-class/6.24.1, , approved, CQ18717
npm/npmjs/-/babel-messages/6.23.0, , approved, CQ18717
npm/npmjs/-/elegant-spinner/1.0.1, , approved, CQ18717
npm/npmjs/-/loader-utils/0.2.17, , approved, CQ18717
npm/npmjs/@types/lodash/4.14.162, , approved, CQ18717
npm/npmjs/-/dir-glob/2.0.0, , approved, CQ18717
npm/npmjs/-/noop-logger/0.1.1, MIT, approved, CQ16925
npm/npmjs/-/babel-helper-bindify-decorators/6.24.1, , approved, CQ18717
npm/npmjs/-/ora/0.2.3, , approved, CQ18717
npm/npmjs/-/error-ex/1.3.2, MIT, approved, CQ16925
npm/npmjs/-/coa/1.0.4, , approved, CQ18717
npm/npmjs/-/jsbn/0.1.1, MIT, approved, CQ16925
npm/npmjs/-/babel-helper-hoist-variables/6.24.1, , approved, CQ18717
npm/npmjs/-/indent-string/3.2.0, , approved, CQ18717
npm/npmjs/-/p-lazy/1.0.0, , approved, CQ18717
npm/npmjs/-/postcss-discard-overridden/0.1.1, , approved, CQ18717
npm/npmjs/-/postcss-merge-idents/2.1.7, , approved, CQ18717
npm/npmjs/@types/tar-fs/1.16.3, , approved, CQ18717
npm/npmjs/-/babel-plugin-transform-es2015-shorthand-properties/6.24.1, , approved, CQ18717
npm/npmjs/-/tweetnacl/0.14.5, Unlicense, approved, emo_ip_team
npm/npmjs/-/cipher-base/1.0.4, MIT, approved, CQ16925
npm/npmjs/-/unique-slug/2.0.2, , approved, CQ18717
npm/npmjs/-/content-type/1.0.4, MIT, approved, CQ16925
npm/npmjs/-/builtin-status-codes/3.0.0, MIT, approved, CQ16925
npm/npmjs/-/redent/1.0.0, MIT, approved, CQ16925
npm/npmjs/@phosphor/keyboard/1.1.3, BSD-3-Clause, approved, emo_ip_team
npm/npmjs/-/log-symbols/1.0.2, , approved, CQ18717
npm/npmjs/-/babel-plugin-transform-es2015-block-scoped-functions/6.22.0, , approved, CQ18717
npm/npmjs/-/ansi-styles/2.2.1, MIT, approved, CQ16925
npm/npmjs/-/getpass/0.1.7, MIT, approved, CQ16925
npm/npmjs/-/normalize-url/2.0.1, , approved, CQ17757
npm/npmjs/-/babel-plugin-transform-es2015-spread/6.22.0, , approved, CQ18717
npm/npmjs/-/function-bind/1.1.1, MIT, approved, CQ16925
npm/npmjs/-/chainsaw/0.1.0, , approved, CQ18717
npm/npmjs/@types/mime/2.0.3, , approved, CQ18717
npm/npmjs/-/url-parse-lax/3.0.0, , approved, CQ17757
npm/npmjs/-/source-map-loader/0.2.4, , approved, CQ18717
npm/npmjs/-/regexpu-core/2.0.0, , approved, CQ18717
npm/npmjs/-/nanomatch/1.2.13, , approved, CQ18717
npm/npmjs/-/babel-preset-stage-3/6.24.1, , approved, CQ18717
npm/npmjs/-/ripemd160/2.0.2, MIT, approved, CQ16925
npm/npmjs/-/inherits/2.0.1, ISC, approved, CQ14871
npm/npmjs/-/regenerate/1.4.1, , approved, CQ18717
npm/npmjs/-/babel-plugin-transform-es2015-duplicate-keys/6.24.1, , approved, CQ18717
npm/npmjs/-/combined-stream/1.0.8, , approved, CQ17757
npm/npmjs/-/core-util-is/1.0.2, MIT, approved, CQ16925
npm/npmjs/-/flatten/1.0.3, , approved, CQ18717
npm/npmjs/-/duplexer/0.1.2, , approved, CQ18717
npm/npmjs/-/readable-stream/3.6.0, MIT, approved, CQ22627
npm/npmjs/-/resolve-cwd/2.0.0, , approved, CQ18717
npm/npmjs/-/wordwrap/0.0.3, MIT, approved, emo_ip_team
npm/npmjs/-/json-parse-better-errors/1.0.2, , approved, CQ18717
npm/npmjs/-/p-reduce/1.0.0, , approved, CQ18717
npm/npmjs/-/loose-envify/1.4.0, , approved, CQ18717
npm/npmjs/-/nugget/2.0.1, BSD, approved, emo_ip_team
npm/npmjs/-/decode-uri-component/0.2.0, , approved, CQ18717
npm/npmjs/-/is-typedarray/1.0.0, MIT, approved, CQ16925
npm/npmjs/-/stream-to-observable/0.2.0, , approved, CQ18717
npm/npmjs/-/write-json-file/2.3.0, , approved, CQ18717
npm/npmjs/-/global-modules/1.0.0, , approved, CQ18717
npm/npmjs/-/pump/2.0.1, MIT, approved, CQ16925
npm/npmjs/@types/connect/3.4.33, , approved, CQ18717
npm/npmjs/-/ignore-loader/0.1.2, , approved, CQ18717
npm/npmjs/-/micromatch/2.3.11, , approved, CQ18717
npm/npmjs/-/babel-plugin-syntax-object-rest-spread/6.13.0, , approved, CQ18717
npm/npmjs/-/through/2.3.8, MIT, approved, CQ16925
npm/npmjs/-/util-deprecate/1.0.2, MIT, approved, CQ16925
npm/npmjs/-/meow/3.7.0, MIT, approved, CQ16925
npm/npmjs/-/snapdragon-util/3.0.1, , approved, CQ18717
npm/npmjs/-/safer-buffer/2.1.2, MIT, approved, CQ16925
npm/npmjs/-/url/0.11.0, MIT, approved, CQ16925
npm/npmjs/-/stream-combiner/0.0.4, , approved, CQ18717
npm/npmjs/-/collection-visit/1.0.0, , approved, CQ18717
npm/npmjs/-/is-equal-shallow/0.1.3, , approved, CQ17757
npm/npmjs/-/css-loader/0.26.4, , approved, CQ18717
npm/npmjs/-/expand-tilde/2.0.2, , approved, CQ18717
npm/npmjs/-/babel-plugin-transform-es2015-unicode-regex/6.24.1, , approved, CQ18717
npm/npmjs/-/destroy/1.0.4, MIT, approved, CQ16925
npm/npmjs/-/lodash.debounce/4.0.8, , approved, CQ18717
npm/npmjs/-/source-map/0.5.7, BSD-3-Clause, approved, CQ16925
npm/npmjs/-/unpipe/1.0.0, MIT, approved, CQ16925
npm/npmjs/-/image-size/0.5.5, , approved, CQ18717
npm/npmjs/-/trim-newlines/1.0.0, MIT, approved, CQ16925
npm/npmjs/-/vendors/1.0.4, , approved, CQ18717
npm/npmjs/-/create-error-class/3.0.2, , approved, CQ17757
npm/npmjs/-/gauge/2.7.4, ISC, approved, CQ16925
npm/npmjs/-/map-obj/1.0.1, MIT, approved, CQ16925
npm/npmjs/-/minimatch/3.0.4, ISC, approved, CQ16925
npm/npmjs/-/fastparse/1.1.2, , approved, CQ18717
npm/npmjs/-/js-yaml/3.13.1, MIT, approved, CQ22631
npm/npmjs/-/duplexer3/0.1.4, , approved, CQ17757
npm/npmjs/-/text-table/0.2.0, , approved, CQ18717
npm/npmjs/-/listr-update-renderer/0.4.0, , approved, CQ18717
npm/npmjs/-/is-svg/2.1.0, , approved, CQ18717
npm/npmjs/-/promise-inflight/1.0.1, , approved, CQ18717
npm/npmjs/-/throttleit/0.0.2, , approved, CQ18717
npm/npmjs/-/stream-each/1.2.3, , approved, CQ18717
npm/npmjs/-/num2fraction/1.2.2, , approved, CQ18717
npm/npmjs/-/querystring-es3/0.2.1, , approved, CQ16925
npm/npmjs/-/babel-plugin-transform-es2015-modules-umd/6.24.1, , approved, CQ18717
npm/npmjs/-/capture-stack-trace/1.0.1, , approved, CQ17757
npm/npmjs/-/on-finished/2.3.0, MIT, approved, CQ16925
npm/npmjs/-/lodash.assign/4.2.0, , approved, CQ17757
npm/npmjs/-/markdown-it/8.4.2, , approved, CQ18717
npm/npmjs/-/shell-env/0.3.0, , approved, CQ18717
npm/npmjs/-/babel-plugin-syntax-async-functions/6.13.0, , approved, CQ18717
npm/npmjs/-/recast/0.15.5, , approved, CQ18717
npm/npmjs/-/stream-shift/1.0.1, MIT, approved, CQ16925
npm/npmjs/-/ast-types/0.9.6, , approved, CQ18717
npm/npmjs/-/delayed-stream/1.0.0, MIT, approved, CQ16925
npm/npmjs/-/strip-dirs/2.1.0, , approved, CQ18717
npm/npmjs/-/oauth-sign/0.9.0, , approved, CQ18717
npm/npmjs/-/optimist/0.3.7, , approved, CQ18717
npm/npmjs/-/preserve/0.2.0, , approved, CQ17757
npm/npmjs/-/parse-passwd/1.0.0, , approved, CQ18717
npm/npmjs/-/babel-helper-function-name/6.24.1, , approved, CQ18717
npm/npmjs/-/loud-rejection/1.6.0, MIT, approved, CQ16925
npm/npmjs/-/babel-plugin-transform-es2015-modules-systemjs/6.24.1, , approved, CQ18717
npm/npmjs/-/ignore/3.3.10, , approved, CQ18717
npm/npmjs/-/parse-asn1/5.1.6, ISC, approved, CQ16925
npm/npmjs/-/detect-conflict/1.0.1, , approved, CQ18717
npm/npmjs/-/validate-npm-package-license/3.0.4, Apache-2.0, approved, CQ16925
npm/npmjs/-/which-module/2.0.0, , approved, CQ18717
npm/npmjs/-/decompress-unzip/4.0.1, , approved, CQ18717
npm/npmjs/-/is-plain-object/2.0.4, , approved, CQ18717
npm/npmjs/-/parseurl/1.3.3, MIT, approved, CQ16925
npm/npmjs/-/methods/1.1.2, MIT, approved, CQ16925
npm/npmjs/-/pako/1.0.11, MIT AND Zlib, approved, emo_ip_team
npm/npmjs/-/p-each-series/1.0.0, , approved, CQ18717
npm/npmjs/-/typedarray/0.0.6, MIT, approved, CQ16925
npm/npmjs/-/spdx-correct/3.1.1, , approved, emo_ip_team
npm/npmjs/-/os-tmpdir/1.0.2, MIT, approved, CQ16925
npm/npmjs/-/static-extend/0.1.2, , approved, CQ18717
npm/npmjs/-/decompress-tarbz2/4.1.1, , approved, CQ18717
npm/npmjs/-/postcss-unique-selectors/2.0.2, , approved, CQ18717
npm/npmjs/-/temp/0.8.4, , approved, CQ18717
npm/npmjs/-/css-color-names/0.0.4, , approved, CQ18717
npm/npmjs/-/safe-regex/1.1.0, , approved, CQ18717
npm/npmjs/-/postcss-modules-values/1.3.0, , approved, CQ18717
npm/npmjs/-/bintrees/1.0.1, , approved, CQ18717
npm/npmjs/-/mount-point/3.0.0, , approved, CQ18717
npm/npmjs/-/strip-bom-stream/2.0.0, , approved, CQ18717
npm/npmjs/-/find-git-exec/0.0.3, , approved, CQ18717
npm/npmjs/-/color/0.11.4, , approved, CQ18717
npm/npmjs/-/extsprintf/1.4.0, , approved, CQ18717
npm/npmjs/-/imurmurhash/0.1.4, , approved, CQ17757
npm/npmjs/-/changes-stream/2.2.0, , approved, CQ18717
npm/npmjs/-/browser-stdout/1.3.1, , approved, CQ17757
npm/npmjs/-/cli-truncate/0.2.1, , approved, CQ18717
npm/npmjs/-/nopt/4.0.3, ISC, approved, CQ16925
npm/npmjs/-/cache-base/1.0.1, , approved, CQ18717
npm/npmjs/-/babel-core/6.26.3, , approved, CQ18717
npm/npmjs/-/babel-plugin-syntax-flow/6.18.0, , approved, CQ18717
npm/npmjs/-/font-awesome-webpack/0.0.5-beta.2, , approved, CQ18717
npm/npmjs/-/ini/1.3.5, ISC, approved, CQ16925
npm/npmjs/-/is-plain-obj/1.1.0, , approved, CQ18717
npm/npmjs/-/nomnom/1.8.1, , approved, CQ18717
npm/npmjs/-/get-stdin/4.0.1, MIT, approved, CQ16925
npm/npmjs/-/path-parse/1.0.6, , approved, CQ18717
npm/npmjs/-/babel-plugin-transform-es2015-computed-properties/6.24.1, , approved, CQ18717
npm/npmjs/-/postcss-colormin/2.2.2, , approved, CQ18717
npm/npmjs/-/pend/1.2.0, , approved, CQ18717
npm/npmjs/-/fs-write-stream-atomic/1.0.10, , approved, CQ18717
npm/npmjs/-/end-of-stream/1.4.4, MIT, approved, CQ20878
npm/npmjs/-/use/3.1.1, , approved, CQ18717
npm/npmjs/-/repeat-string/1.6.1, , approved, CQ17757
npm/npmjs/-/postcss-modules-local-by-default/1.2.0, , approved, CQ18717
npm/npmjs/-/ts-md5/1.2.7, , approved, CQ18717
npm/npmjs/-/listr-silent-renderer/1.1.1, , approved, CQ18717
npm/npmjs/-/whet.extend/0.9.9, , approved, CQ18717
npm/npmjs/@types/lodash.debounce/4.0.3, , approved, CQ18717
npm/npmjs/-/jscodeshift/0.4.1, , approved, CQ18717
npm/npmjs/-/to-object-path/0.3.0, , approved, CQ18717
npm/npmjs/-/proxy-addr/2.0.6, , approved, CQ17757
npm/npmjs/-/env-paths/1.0.0, , approved, CQ18717
npm/npmjs/-/base/0.11.2, , approved, CQ18717
npm/npmjs/-/fd-slicer/1.1.0, , approved, CQ18717
npm/npmjs/-/pascalcase/0.1.1, , approved, CQ18717
npm/npmjs/-/process-nextick-args/2.0.1, MIT, approved, CQ16925
npm/npmjs/-/postcss-discard-unused/2.2.3, , approved, CQ18717
npm/npmjs/-/mime-types/2.1.27, , approved, CQ17757
npm/npmjs/-/errno/0.1.7, MIT, approved, CQ16925
npm/npmjs/-/caniuse-lite/1.0.30001150, CC-BY-4.0, approved, emo_ip_team
npm/npmjs/-/randomfill/1.0.4, MIT, approved, CQ16925
npm/npmjs/-/execa/0.5.1, , approved, CQ18717
npm/npmjs/-/set-blocking/2.0.0, ISC, approved, CQ16925
npm/npmjs/-/babel-preset-stage-1/6.24.1, , approved, CQ18717
npm/npmjs/-/caniuse-api/1.6.1, , approved, CQ18717
npm/npmjs/-/listr-verbose-renderer/0.4.1, , approved, CQ18717
npm/npmjs/@nodelib/fs.stat/1.1.3, , approved, emo_ip_team
npm/npmjs/-/private/0.1.8, , approved, CQ18717
npm/npmjs/-/regex-cache/0.4.4, , approved, CQ17757
npm/npmjs/-/babel-plugin-transform-es2015-function-name/6.24.1, , approved, CQ18717
npm/npmjs/-/builtin-modules/1.1.1, MIT, approved, CQ16925
npm/npmjs/-/snapdragon/0.8.2, , approved, CQ18717
npm/npmjs/@types/p-queue/2.3.2, , approved, CQ18717
npm/npmjs/-/get-caller-file/1.0.3, , approved, CQ18717
npm/npmjs/-/strip-indent/1.0.1, MIT, approved, CQ16925
npm/npmjs/-/get-value/2.0.6, , approved, CQ18717
npm/npmjs/-/user-home/2.0.0, , approved, CQ18717
npm/npmjs/-/reflect-metadata/0.1.13, , approved, CQ18717
npm/npmjs/-/stream-http/2.8.3, MIT, approved, CQ16925
npm/npmjs/-/url-loader/1.1.2, , approved, CQ18717
npm/npmjs/-/object-visit/1.0.1, , approved, CQ18717
npm/npmjs/-/umd-compat-loader/2.1.2, , approved, CQ18717
npm/npmjs/-/glob-base/0.3.0, , approved, CQ17757
npm/npmjs/-/resolve-url/0.2.1, , approved, CQ18717
npm/npmjs/-/iferr/0.1.5, , approved, CQ18717
npm/npmjs/-/buffer-alloc-unsafe/1.1.0, MIT, approved, CQ16925
npm/npmjs/-/osenv/0.1.5, ISC, approved, CQ16925
npm/npmjs/-/express/4.17.1, BSD-3-Clause AND MIT, approved, CQ20009
npm/npmjs/-/is-extendable/1.0.1, , approved, CQ17757
npm/npmjs/-/assert-plus/1.0.0, MIT, approved, CQ16925
npm/npmjs/-/path-is-absolute/1.0.1, MIT, approved, CQ16925
npm/npmjs/-/safe-buffer/5.1.2, MIT, approved, CQ16925
npm/npmjs/@types/mime-types/2.1.0, , approved, CQ18717
npm/npmjs/-/strip-json-comments/2.0.1, MIT, approved, CQ16925
npm/npmjs/-/find-git-repositories/0.1.3, , approved, CQ18717
npm/npmjs/-/pseudomap/1.0.2, , approved, CQ18717
npm/npmjs/-/prom-client/10.2.3, , approved, CQ18717
npm/npmjs/-/hash.js/1.1.7, MIT, approved, CQ16925
npm/npmjs/-/babel-helper-optimise-call-expression/6.24.1, , approved, CQ18717
npm/npmjs/-/balanced-match/0.4.2, , approved, CQ18717
npm/npmjs/-/postcss/6.0.23, , approved, CQ18717
npm/npmjs/-/is-descriptor/0.1.6, , approved, CQ17757
npm/npmjs/-/progress-stream/1.2.0, , approved, CQ18717
npm/npmjs/-/constants-browserify/1.0.0, MIT, approved, CQ16925
npm/npmjs/-/clap/1.2.3, , approved, CQ18717
npm/npmjs/-/is-number/7.0.0, , approved, CQ17757
npm/npmjs/-/autoprefixer/6.7.7, , approved, CQ18717
npm/npmjs/-/babel-plugin-check-es2015-constants/6.22.0, , approved, CQ18717
npm/npmjs/-/babel-helper-get-function-arity/6.24.1, , approved, CQ18717
npm/npmjs/-/arr-union/3.1.0, , approved, CQ18717
npm/npmjs/-/indexes-of/1.0.1, , approved, CQ18717
npm/npmjs/-/speedometer/0.1.4, , approved, CQ18717
npm/npmjs/-/has-ansi/2.0.0, MIT, approved, CQ16925
npm/npmjs/@types/ws/5.1.2, , approved, CQ18717
npm/npmjs/-/cliui/4.1.0, , approved, CQ18717
npm/npmjs/-/find-cache-dir/1.0.0, , approved, CQ18717
npm/npmjs/-/babel-helper-replace-supers/6.24.1, , approved, CQ18717
npm/npmjs/-/to-fast-properties/1.0.3, , approved, CQ18717
npm/npmjs/-/timers-browserify/2.0.11, , approved, CQ18717
npm/npmjs/-/evp_bytestokey/1.0.3, MIT, approved, CQ16925
npm/npmjs/-/string-template/0.2.1, , approved, CQ18717
npm/npmjs/-/browserify-zlib/0.2.0, MIT, approved, CQ16925
npm/npmjs/-/reduce-function-call/1.0.3, , approved, CQ18717
npm/npmjs/-/is-buffer/2.0.4, , approved, CQ17757
npm/npmjs/-/glob/7.1.3, , approved, CQ18717
npm/npmjs/-/nice-try/1.0.5, , approved, CQ18717
npm/npmjs/-/randomatic/3.1.1, , approved, CQ17757
npm/npmjs/-/json-schema/0.2.3, , approved, CQ16925
npm/npmjs/-/lodash.camelcase/4.3.0, , approved, CQ18717
npm/npmjs/-/create-hash/1.2.0, MIT, approved, CQ16925
npm/npmjs/-/untildify/3.0.3, , approved, CQ18717
npm/npmjs/-/copy-descriptor/0.1.1, , approved, CQ18717
npm/npmjs/-/postcss-reduce-transforms/1.0.4, , approved, CQ18717
npm/npmjs/-/dugite-no-gpl/1.69.0, , approved, CQ18717
npm/npmjs/-/markdown-it-anchor/5.0.2, , approved, CQ18717
npm/npmjs/-/are-we-there-yet/1.1.5, ISC, approved, CQ16925
npm/npmjs/-/util/0.10.3, , approved, CQ18717
npm/npmjs/-/csso/2.3.2, , approved, CQ18717
npm/npmjs/-/simple-concat/1.0.1, MIT, approved, CQ16925
npm/npmjs/-/merge-descriptors/1.0.1, MIT, approved, CQ16925
npm/npmjs/-/p-try/1.0.0, , approved, CQ18717
npm/npmjs/-/babel-plugin-syntax-export-extensions/6.13.0, , approved, CQ18717
npm/npmjs/-/require-main-filename/1.0.1, , approved, CQ18717
npm/npmjs/-/yauzl/2.10.0, , approved, CQ18717
npm/npmjs/-/home-or-tmp/2.0.0, , approved, CQ18717
npm/npmjs/-/babel-plugin-transform-es2015-typeof-symbol/6.23.0, , approved, CQ18717
npm/npmjs/-/babylon/7.0.0-beta.47, , approved, CQ18717
npm/npmjs/-/statuses/1.5.0, MIT, approved, CQ16925
npm/npmjs/-/run-queue/1.0.3, , approved, CQ18717
npm/npmjs/-/which-pm-runs/1.0.0, MIT, approved, CQ16925
npm/npmjs/-/concat-stream/1.6.2, , approved, CQ18717
npm/npmjs/-/decompress-tar/4.1.1, , approved, CQ18717
npm/npmjs/-/https-browserify/1.0.0, MIT, approved, CQ16925
npm/npmjs/-/shelljs/0.8.4, , approved, CQ18717
npm/npmjs/-/cacheable-request/2.1.4, , approved, CQ17757
npm/npmjs/-/math-expression-evaluator/1.2.22, , approved, CQ18717
npm/npmjs/-/trim-right/1.0.1, , approved, CQ18717
npm/npmjs/-/to-buffer/1.1.1, MIT, approved, CQ16925
npm/npmjs/-/postcss-calc/5.3.1, , approved, CQ18717
npm/npmjs/-/slice-ansi/0.0.4, , approved, CQ18717
npm/npmjs/-/regex-not/1.0.2, , approved, CQ18717
npm/npmjs/-/arr-flatten/1.1.0, , approved, CQ17757
npm/npmjs/-/babel-plugin-transform-flow-strip-types/6.22.0, , approved, CQ18717
npm/npmjs/-/class-utils/0.3.6, , approved, CQ18717
npm/npmjs/-/map-visit/1.0.0, , approved, CQ18717
npm/npmjs/-/bcrypt-pbkdf/1.0.2, BSD-3-Clause, approved, CQ16925
npm/npmjs/-/fs.realpath/1.0.0, ISC, approved, CQ16925
npm/npmjs/-/p-finally/1.0.0, , approved, CQ17757
npm/npmjs/-/babel-plugin-transform-es2015-arrow-functions/6.22.0, , approved, CQ18717
npm/npmjs/-/entities/1.1.2, , approved, CQ18717
npm/npmjs/-/load-json-file/1.1.0, MIT, approved, CQ16925
npm/npmjs/-/keyv/3.0.0, , approved, CQ17757
npm/npmjs/-/slash/1.0.0, , approved, CQ18717
npm/npmjs/-/listr/0.13.0, , approved, CQ18717
npm/npmjs/@types/tar/4.0.3, , approved, CQ18717
npm/npmjs/-/browserify-aes/1.2.0, MIT, approved, CQ16925
npm/npmjs/-/mdurl/1.0.1, , approved, CQ18717
npm/npmjs/-/readdirp/2.2.1, , approved, CQ17757
npm/npmjs/@theia/preview/1.6.0, , approved, eclipse
npm/npmjs/@theia/task/1.6.0, , approved, eclipse
npm/npmjs/@theia/mini-browser/1.6.0, , approved, eclipse
npm/npmjs/@theia/plugin-dev/1.6.0, , approved, eclipse
npm/npmjs/@theia/debug/1.6.0, , approved, eclipse
npm/npmjs/@theia/workspace/1.6.0, , approved, eclipse
npm/npmjs/@theia/monaco-editor-core/0.20.0, , approved, eclipse
npm/npmjs/@theia/scm-extra/1.6.0, , approved, eclipse
npm/npmjs/@theia/variable-resolver/1.6.0, , approved, eclipse
npm/npmjs/@theia/plugin/1.6.0, , approved, eclipse
npm/npmjs/@theia/markers/1.6.0, , approved, eclipse
npm/npmjs/@theia/compression-webpack-plugin/3.0.0, , approved, eclipse
npm/npmjs/@theia/terminal/1.6.0, , approved, eclipse
npm/npmjs/@theia/scm/1.6.0, , approved, eclipse
npm/npmjs/@theia/metrics/1.6.0, , approved, eclipse
npm/npmjs/@theia/editor-preview/1.6.0, , approved, eclipse
npm/npmjs/-/onigasm/2.2.5, MIT, approved, emo_ip_team
npm/npmjs/-/has/1.0.3, MIT, approved, CQ16925
npm/npmjs/-/source-map-resolve/0.5.3, , approved, CQ18717
npm/npmjs/-/node-dir/0.1.8, , approved, CQ18717
npm/npmjs/-/mississippi/2.0.0, , approved, CQ18717
npm/npmjs/-/ecc-jsbn/0.1.2, , approved, CQ18717
npm/npmjs/-/get-stream/4.1.0, , approved, CQ17757
npm/npmjs/-/object-assign/4.1.1, MIT, approved, CQ16925
npm/npmjs/-/seek-bzip/1.0.6, , approved, CQ18717
npm/npmjs/@phosphor/domutils/1.1.4, BSD-3-Clause, approved, emo_ip_team
npm/npmjs/-/ssri/5.3.0, , approved, CQ18717
npm/npmjs/-/object.pick/1.3.0, , approved, CQ18717
npm/npmjs/-/from/0.1.7, , approved, CQ17757
npm/npmjs/-/create-ecdh/4.0.4, MIT, approved, CQ16925
npm/npmjs/-/octicons/7.4.0, , approved, CQ18717
npm/npmjs/-/babel-plugin-transform-class-properties/6.24.1, , approved, CQ18717
npm/npmjs/-/asn1/0.2.4, , approved, CQ18717
npm/npmjs/-/is-binary-path/1.0.1, , approved, CQ17757
npm/npmjs/-/style-loader/0.13.2, , approved, CQ18717
npm/npmjs/-/babel-plugin-transform-class-constructor-call/6.24.1, , approved, CQ18717
npm/npmjs/-/babel-plugin-transform-es2015-destructuring/6.23.0, , approved, CQ18717
npm/npmjs/-/lodash/4.17.20, MIT, approved, CQ16925
npm/npmjs/-/parse-glob/3.0.4, , approved, CQ17757
npm/npmjs/-/config-chain/1.1.12, MIT, approved, emo_ip_team
npm/npmjs/-/commondir/1.0.1, , approved, CQ18717
npm/npmjs/-/postcss-minify-selectors/2.1.1, , approved, CQ18717
npm/npmjs/-/p-map/1.2.0, , approved, CQ18717
npm/npmjs/-/react-lifecycles-compat/3.0.4, , approved, CQ18717
npm/npmjs/-/isexe/2.0.0, , approved, CQ17757
npm/npmjs/-/spdx-expression-parse/3.0.1, MIT, approved, CQ16925
npm/npmjs/-/find-up/2.1.0, , approved, CQ18717
npm/npmjs/-/babel-code-frame/6.26.0, , approved, CQ18717
npm/npmjs/-/deep-eql/3.0.1, , approved, CQ17757
npm/npmjs/-/big.js/3.2.0, , approved, CQ18717
npm/npmjs/-/babel-plugin-transform-es2015-modules-amd/6.24.1, , approved, CQ18717
npm/npmjs/-/pkg-dir/2.0.0, , approved, CQ18717
npm/npmjs/-/babel-template/6.26.0, , approved, CQ18717
npm/npmjs/-/media-typer/0.3.0, MIT, approved, CQ16925
npm/npmjs/-/split/0.3.3, , approved, CQ18717
npm/npmjs/-/des.js/1.0.1, MIT, approved, CQ16925
npm/npmjs/-/postcss-selector-parser/2.2.3, , approved, CQ18717
npm/npmjs/-/browserify-des/1.0.2, , approved, CQ18717
npm/npmjs/-/move-concurrently/1.0.1, , approved, CQ18717
npm/npmjs/-/postcss-reduce-initial/1.0.1, , approved, CQ18717
npm/npmjs/-/shell-path/2.1.0, , approved, CQ18717
npm/npmjs/-/pathval/1.1.0, , approved, CQ17757
npm/npmjs/-/content-disposition/0.5.3, MIT, approved, CQ16925
npm/npmjs/-/normalize-path/2.1.1, , approved, CQ17757
npm/npmjs/-/chai/4.2.0, , approved, CQ17757
npm/npmjs/-/http-https/1.0.0, , approved, CQ18717
npm/npmjs/-/babel-plugin-transform-es2015-object-super/6.24.1, , approved, CQ18717
npm/npmjs/-/glob-to-regexp/0.3.0, , approved, CQ18717
npm/npmjs/-/hmac-drbg/1.0.1, MIT, approved, CQ16925
npm/npmjs/-/postcss-ordered-values/2.2.3, , approved, CQ18717
npm/npmjs/-/q/1.5.1, , approved, CQ18717
npm/npmjs/-/utils-merge/1.0.1, MIT, approved, CQ16925
npm/npmjs/-/vm-browserify/1.1.2, MIT, approved, CQ16925
npm/npmjs/@types/markdown-it-anchor/4.0.4, , approved, CQ18717
npm/npmjs/-/pinkie/2.0.4, MIT, approved, CQ16925
npm/npmjs/-/uc.micro/1.0.6, , approved, CQ18717
npm/npmjs/-/concat-map/0.0.1, MIT, approved, CQ16925
npm/npmjs/@types/rimraf/2.0.4, , approved, CQ18717
npm/npmjs/-/babel-plugin-syntax-exponentiation-operator/6.13.0, , approved, CQ18717
npm/npmjs/-/babel-register/6.26.0, , approved, CQ18717
npm/npmjs/-/prepend-http/2.0.0, , approved, CQ17757
npm/npmjs/-/posix-character-classes/0.1.1, , approved, CQ17757
npm/npmjs/@types/serve-static/1.13.6, , approved, CQ18717
npm/npmjs/-/fresh/0.5.2, MIT, approved, CQ16925
npm/npmjs/-/signal-exit/3.0.3, ISC, approved, CQ16925
npm/npmjs/-/is-primitive/2.0.0, , approved, CQ17757
npm/npmjs/-/base64-arraybuffer/0.1.5, , approved, CQ18717
npm/npmjs/-/console-control-strings/1.1.0, ISC, approved, CQ16925
npm/npmjs/-/finalhandler/1.1.2, MIT, approved, CQ16925
npm/npmjs/-/miller-rabin/4.0.1, MIT, approved, CQ16925
npm/npmjs/-/nan/2.14.2, , approved, CQ22352
npm/npmjs/-/code-point-at/1.1.0, MIT, approved, CQ16925
npm/npmjs/-/inflight/1.0.6, ISC, approved, CQ16925
npm/npmjs/-/negotiator/0.6.2, MIT, approved, CQ16925
npm/npmjs/-/postcss-discard-comments/2.0.4, , approved, CQ18717
npm/npmjs/@sindresorhus/is/0.7.0, , approved, CQ17757
npm/npmjs/-/http-signature/1.2.0, MIT, approved, CQ16925
npm/npmjs/-/range-parser/1.2.1, MIT, approved, CQ16925
npm/npmjs/-/har-validator/5.1.5, , approved, CQ18717
npm/npmjs/-/camelcase/4.1.0, , approved, CQ17757
npm/npmjs/-/type-detect/4.0.8, , approved, CQ17757
npm/npmjs/-/postcss-message-helpers/2.0.0, , approved, CQ18717
npm/npmjs/-/babel-plugin-transform-es2015-sticky-regex/6.24.1, , approved, CQ18717
npm/npmjs/-/kind-of/6.0.3, , approved, CQ17757
npm/npmjs/-/unique-filename/1.1.1, , approved, CQ18717
npm/npmjs/-/babel-plugin-syntax-trailing-function-commas/6.22.0, , approved, CQ18717
npm/npmjs/-/any-observable/0.2.0, , approved, CQ18717
npm/npmjs/-/webpack-addons/1.1.5, , approved, CQ18717
npm/npmjs/-/filename-regex/2.0.1, , approved, CQ17757
npm/npmjs/-/array-differ/1.0.0, , approved, CQ18717
npm/npmjs/-/map-stream/0.1.0, , approved, CQ18717
npm/npmjs/-/mimic-fn/1.2.0, , approved, CQ18717
npm/npmjs/-/type-is/1.6.18, MIT, approved, CQ16925
npm/npmjs/-/fuzzy/0.1.3, , approved, CQ18717
npm/npmjs/-/rc/1.2.8, (BSD-2-Clause OR MIT OR Apache-2.0), approved, CQ16925
npm/npmjs/-/querystring/0.2.0, , approved, CQ16925
npm/npmjs/-/string-argv/0.1.2, , approved, CQ18717
npm/npmjs/-/tsutils/2.29.0, , approved, CQ18717
npm/npmjs/-/currently-unhandled/0.4.1, MIT, approved, CQ16925
npm/npmjs/-/array-uniq/1.0.3, , approved, CQ18717
npm/npmjs/-/y18n/3.2.1, , approved, CQ18717
npm/npmjs/-/wide-align/1.1.3, ISC, approved, CQ16925
npm/npmjs/-/babel-plugin-transform-es2015-modules-commonjs/6.26.2, , approved, CQ18717
npm/npmjs/-/valid-filename/2.0.1, , approved, CQ18717
npm/npmjs/-/detect-indent/4.0.0, , approved, CQ18717
npm/npmjs/-/symbol-observable/0.2.4, , approved, CQ18717
npm/npmjs/-/check-error/1.0.2, , approved, CQ17757
npm/npmjs/-/globby/8.0.2, , approved, CQ18717
npm/npmjs/-/less-loader/2.2.3, , approved, CQ18717
npm/npmjs/-/abbrev/1.1.1, ISC, approved, CQ16925
npm/npmjs/-/emojis-list/2.1.0, , approved, CQ18717
npm/npmjs/-/he/1.2.0, , approved, CQ17757
npm/npmjs/-/babel-preset-es2015/6.24.1, , approved, CQ18717
npm/npmjs/-/decompress/4.2.1, , approved, CQ18717
npm/npmjs/-/route-parser/0.0.5, , approved, CQ18717
npm/npmjs/-/postcss-minify-gradients/1.0.5, , approved, CQ18717
npm/npmjs/-/prr/1.0.1, MIT, approved, CQ16925
npm/npmjs/-/babel-plugin-transform-es2015-literals/6.22.0, , approved, CQ18717
npm/npmjs/-/babel-plugin-transform-decorators/6.24.1, , approved, CQ18717
npm/npmjs/-/path-dirname/1.0.2, , approved, CQ18717
npm/npmjs/-/tdigest/0.1.1, , approved, CQ18717
npm/npmjs/-/babel-plugin-transform-es2015-block-scoping/6.26.0, , approved, CQ18717
npm/npmjs/-/postcss-discard-empty/2.1.0, , approved, CQ18717
npm/npmjs/-/postcss-minify-params/1.2.2, , approved, CQ18717
npm/npmjs/-/jsprim/1.4.1, MIT, approved, CQ16925
npm/npmjs/-/stream-browserify/2.0.2, MIT, approved, CQ16925
npm/npmjs/-/babel-helper-call-delegate/6.24.1, , approved, CQ18717
npm/npmjs/-/create-hmac/1.1.7, MIT, approved, CQ16925
npm/npmjs/-/async-each/1.0.3, , approved, CQ17757
npm/npmjs/-/object-copy/0.1.0, , approved, CQ18717
npm/npmjs/-/minimalistic-assert/1.0.1, ISC, approved, CQ16925
npm/npmjs/-/css-selector-tokenizer/0.7.3, , approved, CQ18717
npm/npmjs/-/babel-plugin-transform-regenerator/6.26.0, , approved, CQ18717
npm/npmjs/-/resolve-dir/1.0.1, , approved, CQ18717
npm/npmjs/-/os-homedir/1.0.2, MIT, approved, CQ16925
npm/npmjs/@types/write-json-file/2.2.1, , approved, CQ18717
npm/npmjs/-/jsonparse/1.3.1, MIT, approved, CQ16925
npm/npmjs/-/is-windows/1.0.2, , approved, CQ18717
npm/npmjs/-/define-property/1.0.0, , approved, CQ17757
npm/npmjs/-/has-value/0.3.1, , approved, CQ18717
npm/npmjs/-/timed-out/4.0.1, , approved, CQ17757
npm/npmjs/-/lodash.clonedeep/4.5.0, , approved, CQ18717
npm/npmjs/-/pify/2.3.0, MIT, approved, CQ16925
npm/npmjs/-/is-data-descriptor/0.1.4, , approved, CQ17757
npm/npmjs/-/postcss-merge-rules/2.1.2, , approved, CQ18717
npm/npmjs/-/babel-plugin-transform-async-to-generator/6.24.1, , approved, CQ18717
npm/npmjs/-/babel-preset-stage-2/6.24.1, , approved, CQ18717
npm/npmjs/-/md5.js/1.3.5, MIT, approved, CQ16925
npm/npmjs/-/pumpify/1.5.1, , approved, CQ18717
npm/npmjs/-/npmlog/4.1.2, ISC, approved, CQ16925
npm/npmjs/-/forwarded/0.1.2, MIT, approved, CQ16925
npm/npmjs/-/vary/1.1.2, MIT, approved, CQ16925
npm/npmjs/-/is-arrayish/0.2.1, MIT, approved, CQ16925
npm/npmjs/-/fstream/1.0.12, ISC, approved, CQ16925
npm/npmjs/-/decompress-targz/4.1.1, , approved, CQ18717
npm/npmjs/-/urix/0.1.0, , approved, CQ18717
npm/npmjs/-/scoped-regex/1.0.0, , approved, CQ18717
npm/npmjs/-/json-schema-traverse/0.4.1, , approved, CQ18717
npm/npmjs/-/postcss-zindex/2.2.0, , approved, CQ18717
npm/npmjs/-/buffer-alloc/1.2.0, MIT, approved, CQ16925
npm/npmjs/-/babel-plugin-syntax-async-generators/6.13.0, , approved, CQ18717
npm/npmjs/-/exit-hook/1.1.1, , approved, CQ18717
npm/npmjs/-/caniuse-db/1.0.30001150, , approved, CQ18717
npm/npmjs/-/public-encrypt/4.0.3, MIT, approved, CQ16925
npm/npmjs/@types/base64-arraybuffer/0.1.0, , approved, CQ18717
npm/npmjs/-/yallist/2.1.2, , approved, CQ18717
npm/npmjs/-/dugite-extra/0.1.14, , approved, CQ18717
npm/npmjs/-/camelcase-keys/2.1.0, MIT, approved, CQ16925
npm/npmjs/-/reduce-css-calc/1.3.0, , approved, CQ18717
npm/npmjs/-/tapable/1.1.3, , approved, CQ18717
npm/npmjs/-/slide/1.1.6, , approved, CQ18717
npm/npmjs/-/encodeurl/1.0.2, MIT, approved, CQ16925
npm/npmjs/-/diffie-hellman/5.0.3, MIT, approved, CQ16925
npm/npmjs/-/babel-helper-regex/6.26.0, , approved, CQ18717
npm/npmjs/-/lodash.throttle/4.1.1, , approved, CQ18717
npm/npmjs/-/locate-path/2.0.0, , approved, CQ18717
npm/npmjs/-/buffer/4.9.2, , approved, CQ18717
npm/npmjs/-/cssnano/3.10.0, , approved, CQ18717
npm/npmjs/-/path-to-regexp/0.1.7, MIT, approved, CQ16925
npm/npmjs/-/tty-browserify/0.0.0, , approved, CQ18717
npm/npmjs/-/argparse/1.0.10, , approved, CQ18717
npm/npmjs/-/form-data/2.3.3, MIT, approved, CQ16925
npm/npmjs/-/cli-boxes/2.2.1, MIT, approved, clearlydefined
npm/npmjs/@babel/plugin-syntax-async-generators/7.8.4, MIT, approved, clearlydefined
npm/npmjs/-/http-errors/1.7.3, MIT, approved, clearlydefined
npm/npmjs/@babel/helper-module-transforms/7.12.1, MIT, approved, clearlydefined
npm/npmjs/-/string.prototype.trimend/1.0.2, MIT, approved, clearlydefined
npm/npmjs/@types/sanitize-html/1.27.0, MIT, approved, clearlydefined
npm/npmjs/@webassemblyjs/floating-point-hex-parser/1.9.0, MIT, approved, clearlydefined
npm/npmjs/-/mem-fs-editor/6.0.0, MIT, approved, clearlydefined
npm/npmjs/@develar/schema-utils/2.6.5, MIT, approved, clearlydefined
npm/npmjs/-/bindings/1.5.0, MIT, approved, clearlydefined
npm/npmjs/@webassemblyjs/wasm-gen/1.9.0, MIT, approved, clearlydefined
npm/npmjs/@babel/helpers/7.12.1, MIT, approved, clearlydefined
npm/npmjs/-/domhandler/3.3.0, BSD-2-Clause, approved, clearlydefined
npm/npmjs/-/cookie/0.4.0, MIT, approved, clearlydefined
npm/npmjs/-/path-key/3.1.1, MIT, approved, clearlydefined
npm/npmjs/@types/minipass/2.2.0, MIT, approved, clearlydefined
npm/npmjs/@types/uuid/7.0.4, MIT, approved, clearlydefined
npm/npmjs/@babel/helper-replace-supers/7.12.1, MIT, approved, clearlydefined
npm/npmjs/@types/node/10.17.40, MIT, approved, clearlydefined
npm/npmjs/@babel/helper-define-map/7.10.5, MIT, approved, clearlydefined
npm/npmjs/@babel/plugin-syntax-object-rest-spread/7.8.3, MIT, approved, clearlydefined
npm/npmjs/-/interpret/1.4.0, MIT, approved, clearlydefined
npm/npmjs/-/math-random/1.0.4, MIT, approved, clearlydefined
npm/npmjs/-/electron-download/4.1.1, BSD-3-Clause, approved, clearlydefined
npm/npmjs/-/fast-deep-equal/3.1.3, MIT, approved, clearlydefined
npm/npmjs/-/json-buffer/3.0.0, MIT, approved, clearlydefined
npm/npmjs/@babel/runtime/7.12.1, MIT, approved, clearlydefined
npm/npmjs/@primer/octicons-react/9.6.0, MIT, approved, clearlydefined
npm/npmjs/-/is-regex/1.1.1, MIT, approved, clearlydefined
npm/npmjs/-/move-file/1.2.0, MIT, approved, clearlydefined
npm/npmjs/-/read-pkg/5.2.0, MIT, approved, clearlydefined
npm/npmjs/-/wrap-ansi/2.1.0, MIT, approved, clearlydefined
npm/npmjs/@babel/plugin-proposal-logical-assignment-operators/7.12.1, MIT, approved, clearlydefined
npm/npmjs/-/line-height/0.3.1, MIT, approved, clearlydefined
npm/npmjs/@babel/helper-regex/7.10.5, MIT, approved, clearlydefined
npm/npmjs/-/xterm-addon-search/0.5.0, MIT, approved, clearlydefined
npm/npmjs/-/dmg-builder/22.9.1, MIT, approved, clearlydefined
npm/npmjs/-/emoji-regex/7.0.3, MIT, approved, clearlydefined
npm/npmjs/@types/yargs-parser/15.0.0, MIT, approved, clearlydefined
npm/npmjs/-/bn.js/5.1.3, MIT, approved, clearlydefined
npm/npmjs/-/terser-webpack-plugin/1.4.5, MIT, approved, clearlydefined
npm/npmjs/-/lodash.isequal/4.5.0, MIT, approved, clearlydefined
npm/npmjs/-/is-extglob/2.1.1, MIT, approved, clearlydefined
npm/npmjs/-/update-notifier/4.1.3, BSD-2-Clause, approved, clearlydefined
npm/npmjs/-/clone-deep/4.0.1, MIT, approved, clearlydefined
npm/npmjs/-/semver-diff/3.1.1, MIT, approved, clearlydefined
npm/npmjs/@types/normalize-package-data/2.4.0, MIT, approved, clearlydefined
npm/npmjs/-/es-abstract/1.17.7, MIT, approved, clearlydefined
npm/npmjs/@babel/plugin-transform-modules-umd/7.12.1, MIT, approved, clearlydefined
npm/npmjs/-/grouped-queue/1.1.0, MIT, approved, clearlydefined
npm/npmjs/-/unicode-match-property-value-ecmascript/1.2.0, MIT, approved, clearlydefined
npm/npmjs/-/tough-cookie/2.5.0, BSD-3-Clause, approved, clearlydefined
npm/npmjs/@types/glob/7.1.3, MIT, approved, clearlydefined
npm/npmjs/-/core-js-compat/3.6.5, MIT, approved, clearlydefined
npm/npmjs/@webassemblyjs/helper-wasm-bytecode/1.9.0, MIT, approved, clearlydefined
npm/npmjs/-/into-stream/3.1.0, MIT, approved, clearlydefined
npm/npmjs/-/roarr/2.15.4, BSD-3-Clause, approved, clearlydefined
npm/npmjs/-/dargs/6.1.0, MIT, approved, clearlydefined
npm/npmjs/-/gh-got/5.0.0, MIT, approved, clearlydefined
npm/npmjs/-/merge2/1.4.1, MIT, approved, clearlydefined
npm/npmjs/@types/markdown-it/10.0.2, MIT, approved, clearlydefined
npm/npmjs/-/with-open-file/0.1.7, MIT, approved, clearlydefined
npm/npmjs/-/is-stream/2.0.0, MIT, approved, clearlydefined
npm/npmjs/@types/request/2.48.5, MIT, approved, clearlydefined
npm/npmjs/@babel/plugin-transform-destructuring/7.12.1, MIT, approved, clearlydefined
npm/npmjs/@babel/helper-member-expression-to-functions/7.12.1, MIT, approved, clearlydefined
npm/npmjs/-/ajv-keywords/3.5.2, MIT, approved, clearlydefined
npm/npmjs/@phosphor/disposable/1.3.1, BSD-3-Clause, approved, clearlydefined
npm/npmjs/-/estraverse/5.2.0, BSD-2-Clause, approved, clearlydefined
npm/npmjs/-/dot-prop/5.3.0, MIT, approved, clearlydefined
npm/npmjs/-/parse-json/5.1.0, MIT, approved, clearlydefined
npm/npmjs/-/unicode-match-property-ecmascript/1.0.4, MIT, approved, clearlydefined
npm/npmjs/-/extglob/0.3.2, MIT, approved, clearlydefined
npm/npmjs/-/acorn/6.4.2, MIT, approved, clearlydefined
npm/npmjs/-/send/0.17.1, MIT, approved, clearlydefined
npm/npmjs/-/isobject/2.1.0, MIT, approved, clearlydefined
npm/npmjs/-/strip-final-newline/2.0.0, MIT, approved, clearlydefined
npm/npmjs/-/paged-request/2.0.1, MIT, approved, clearlydefined
npm/npmjs/@types/tar-stream/2.1.0, MIT, approved, clearlydefined
npm/npmjs/-/is-promise/2.2.2, MIT, approved, clearlydefined
npm/npmjs/-/read-config-file/6.0.0, MIT, approved, clearlydefined
npm/npmjs/-/figures/3.2.0, MIT, approved, clearlydefined
npm/npmjs/-/console-browserify/1.2.0, MIT, approved, clearlydefined
npm/npmjs/-/7zip-bin/5.0.3, MIT, approved, clearlydefined
npm/npmjs/@babel/plugin-syntax-optional-chaining/7.8.3, MIT, approved, clearlydefined
npm/npmjs/-/es-to-primitive/1.2.1, MIT, approved, clearlydefined
npm/npmjs/-/flush-write-stream/1.1.1, MIT, approved, clearlydefined
npm/npmjs/@types/uglify-js/3.11.0, MIT, approved, clearlydefined
npm/npmjs/-/package-json/6.5.0, MIT, approved, clearlydefined
npm/npmjs/-/map-age-cleaner/0.1.3, MIT, approved, clearlydefined
npm/npmjs/-/tmp/0.0.33, MIT, approved, clearlydefined
npm/npmjs/-/is-fullwidth-code-point/3.0.0, MIT, approved, clearlydefined
npm/npmjs/@types/puppeteer/2.1.5, MIT, approved, clearlydefined
npm/npmjs/-/prettier/1.19.1, MIT, approved, clearlydefined
npm/npmjs/@types/tough-cookie/4.0.0, MIT, approved, clearlydefined
npm/npmjs/-/strip-ansi/5.2.0, MIT, approved, clearlydefined
npm/npmjs/-/registry-auth-token/4.2.0, MIT, approved, clearlydefined
npm/npmjs/@types/prop-types/15.7.3, MIT, approved, clearlydefined
npm/npmjs/@types/json-schema/7.0.6, MIT, approved, clearlydefined
npm/npmjs/-/tslint/5.20.1, Apache-2.0, approved, clearlydefined
npm/npmjs/-/p-timeout/1.2.1, MIT, approved, clearlydefined
npm/npmjs/-/ajv-errors/1.0.1, MIT, approved, clearlydefined
npm/npmjs/-/lowercase-keys/2.0.0, MIT, approved, clearlydefined
npm/npmjs/-/strip-outer/1.0.1, MIT, approved, clearlydefined
npm/npmjs/-/aws4/1.10.1, MIT, approved, clearlydefined
npm/npmjs/-/native-keymap/2.2.0, MIT, approved, clearlydefined
npm/npmjs/-/react-perfect-scrollbar/1.5.8, MIT, approved, clearlydefined
npm/npmjs/-/nsfw/1.2.9, MIT, approved, clearlydefined
npm/npmjs/-/cli-cursor/3.1.0, MIT, approved, clearlydefined
npm/npmjs/-/extract-zip/1.7.0, BSD-2-Clause, approved, clearlydefined
npm/npmjs/-/json-schema-typed/7.0.3, BSD-2-Clause, approved, clearlydefined
npm/npmjs/-/mimic-response/2.1.0, MIT, approved, clearlydefined
npm/npmjs/@babel/highlight/7.10.4, MIT, approved, clearlydefined
npm/npmjs/@szmarczak/http-timer/1.1.2, MIT, approved, clearlydefined
npm/npmjs/@babel/plugin-transform-block-scoping/7.12.1, MIT, approved, clearlydefined
npm/npmjs/@phosphor/collections/1.2.0, BSD-3-Clause, approved, clearlydefined
npm/npmjs/-/npm-api/1.0.0, MIT, approved, clearlydefined
npm/npmjs/-/vscode-languageserver-types/3.15.1, MIT, approved, clearlydefined
npm/npmjs/@types/react-virtualized/9.21.10, MIT, approved, clearlydefined
npm/npmjs/@babel/plugin-proposal-async-generator-functions/7.12.1, MIT, approved, clearlydefined
npm/npmjs/-/file-uri-to-path/1.0.0, MIT, approved, clearlydefined
npm/npmjs/-/fs-extra/8.1.0, MIT, approved, clearlydefined
npm/npmjs/@types/chai/4.2.14, MIT, approved, clearlydefined
npm/npmjs/@types/bent/7.3.1, MIT, approved, clearlydefined
npm/npmjs/@babel/plugin-transform-new-target/7.12.1, MIT, approved, clearlydefined
npm/npmjs/-/assign-symbols/1.0.0, MIT, approved, clearlydefined
npm/npmjs/-/external-editor/3.1.0, MIT, approved, clearlydefined
npm/npmjs/-/object.assign/4.1.0, MIT, approved, clearlydefined
npm/npmjs/-/unicode-canonical-property-names-ecmascript/1.0.4, MIT, approved, clearlydefined
npm/npmjs/-/parse-srcset/1.0.2, MIT, approved, clearlydefined
npm/npmjs/-/is-installed-globally/0.3.2, MIT, approved, clearlydefined
npm/npmjs/@babel/plugin-syntax-nullish-coalescing-operator/7.8.3, MIT, approved, clearlydefined
npm/npmjs/-/mem/4.3.0, MIT, approved, clearlydefined
npm/npmjs/@babel/helper-simple-access/7.12.1, MIT, approved, clearlydefined
npm/npmjs/-/psl/1.8.0, MIT, approved, clearlydefined
npm/npmjs/-/tar-stream/2.1.4, MIT, approved, clearlydefined
npm/npmjs/-/escalade/3.1.1, MIT, approved, clearlydefined
npm/npmjs/-/invert-kv/2.0.0, MIT, approved, clearlydefined
npm/npmjs/@babel/plugin-transform-classes/7.12.1, MIT, approved, clearlydefined
npm/npmjs/@webassemblyjs/ast/1.9.0, MIT, approved, clearlydefined
npm/npmjs/-/shallow-clone/3.0.1, MIT, approved, clearlydefined
npm/npmjs/-/source-map-support/0.5.19, MIT, approved, clearlydefined
npm/npmjs/-/set-getter/0.1.0, MIT, approved, clearlydefined
npm/npmjs/-/es6-error/4.1.1, MIT, approved, clearlydefined
npm/npmjs/-/flat/4.1.1, BSD-3-Clause, approved, clearlydefined
npm/npmjs/-/react/16.14.0, MIT, approved, clearlydefined
npm/npmjs/-/yargs-unparser/1.6.0, MIT, approved, clearlydefined
npm/npmjs/-/when/3.7.8, MIT, approved, clearlydefined
npm/npmjs/-/global-dirs/2.0.1, MIT, approved, clearlydefined
npm/npmjs/@babel/helper-wrap-function/7.12.3, MIT, approved, clearlydefined
npm/npmjs/-/is-wsl/1.1.0, MIT, approved, clearlydefined
npm/npmjs/-/stat-mode/1.0.0, MIT, approved, clearlydefined
npm/npmjs/@types/safer-buffer/2.1.0, MIT, approved, clearlydefined
npm/npmjs/@babel/plugin-transform-modules-systemjs/7.12.1, MIT, approved, clearlydefined
npm/npmjs/-/async-exit-hook/2.0.1, MIT, approved, clearlydefined
npm/npmjs/-/onetime/2.0.1, MIT, approved, clearlydefined
npm/npmjs/@types/webpack/4.41.23, MIT, approved, clearlydefined
npm/npmjs/-/universalify/1.0.0, MIT, approved, clearlydefined
npm/npmjs/-/through2/3.0.2, MIT, approved, clearlydefined
npm/npmjs/-/computed-style/0.1.4, MIT, approved, clearlydefined
npm/npmjs/@babel/plugin-transform-unicode-regex/7.12.1, MIT, approved, clearlydefined
npm/npmjs/-/react-virtualized/9.22.2, MIT, approved, clearlydefined
npm/npmjs/-/to-regex-range/5.0.1, MIT, approved, clearlydefined
npm/npmjs/-/cross-spawn-async/2.2.5, MIT, approved, clearlydefined
npm/npmjs/-/enhanced-resolve/4.3.0, MIT, approved, clearlydefined
npm/npmjs/@babel/helper-builder-binary-assignment-operator-visitor/7.10.4, MIT, approved, clearlydefined
npm/npmjs/@babel/helper-create-regexp-features-plugin/7.12.1, MIT, approved, clearlydefined
npm/npmjs/-/bl/4.0.3, MIT, approved, clearlydefined
npm/npmjs/-/string-width/3.1.0, MIT, approved, clearlydefined
npm/npmjs/@webassemblyjs/helper-api-error/1.9.0, MIT, approved, clearlydefined
npm/npmjs/-/is-ci/2.0.0, MIT, approved, clearlydefined
npm/npmjs/-/array-unique/0.2.1, MIT, approved, clearlydefined
npm/npmjs/-/array-union/2.1.0, MIT, approved, clearlydefined
npm/npmjs/-/typedarray-to-buffer/3.1.5, MIT, approved, clearlydefined
npm/npmjs/@phosphor/messaging/1.3.0, BSD-3-Clause, approved, clearlydefined
npm/npmjs/-/memory-fs/0.5.0, MIT, approved, clearlydefined
npm/npmjs/-/puppeteer-to-istanbul/1.4.0, ISC, approved, clearlydefined
npm/npmjs/@phosphor/dragdrop/1.4.1, BSD-3-Clause, approved, clearlydefined
npm/npmjs/-/vscode-languageserver-textdocument/1.0.1, MIT, approved, clearlydefined
npm/npmjs/-/write-file-atomic/2.4.3, ISC, approved, clearlydefined
npm/npmjs/-/browserslist/4.14.5, MIT, approved, clearlydefined
npm/npmjs/-/napi-build-utils/1.0.2, MIT, approved, clearlydefined
npm/npmjs/@types/mdurl/1.0.2, MIT, approved, clearlydefined
npm/npmjs/-/expand-range/1.8.2, MIT, approved, clearlydefined
npm/npmjs/-/conf/6.2.4, MIT, approved, clearlydefined
npm/npmjs/-/mkdirp-classic/0.5.3, MIT, approved, clearlydefined
npm/npmjs/-/upath/1.2.0, MIT, approved, clearlydefined
npm/npmjs/@webassemblyjs/wasm-edit/1.9.0, MIT, approved, clearlydefined
npm/npmjs/-/run-async/2.4.1, MIT, approved, clearlydefined
npm/npmjs/-/unzipper/0.9.15, MIT, approved, clearlydefined
npm/npmjs/@types/mkdirp/0.5.2, MIT, approved, clearlydefined
npm/npmjs/@babel/plugin-syntax-optional-catch-binding/7.8.3, MIT, approved, clearlydefined
npm/npmjs/-/react-dom/16.14.0, MIT, approved, clearlydefined
npm/npmjs/-/query-string/5.1.1, MIT, approved, clearlydefined
npm/npmjs/-/spawn-rx/3.0.0, MIT, approved, clearlydefined
npm/npmjs/-/ansi-align/3.0.0, ISC, approved, clearlydefined
npm/npmjs/-/at-least-node/1.0.0, ISC, approved, clearlydefined
npm/npmjs/-/is-obj/2.0.0, MIT, approved, clearlydefined
npm/npmjs/-/csstype/3.0.3, MIT, approved, clearlydefined
npm/npmjs/@babel/helper-compilation-targets/7.12.1, MIT, approved, clearlydefined
npm/npmjs/-/big-integer/1.6.48, Unlicense, approved, clearlydefined
npm/npmjs/-/lru-cache/6.0.0, ISC, approved, clearlydefined
npm/npmjs/@babel/code-frame/7.10.4, MIT, approved, clearlydefined
npm/npmjs/-/macaddress/0.2.9, MIT, approved, clearlydefined
npm/npmjs/-/babel-plugin-dynamic-import-node/2.3.3, MIT, approved, clearlydefined
npm/npmjs/-/is-npm/4.0.0, MIT, approved, clearlydefined
npm/npmjs/-/escape-goat/2.1.1, MIT, approved, clearlydefined
npm/npmjs/-/electron-builder/22.9.1, MIT, approved, clearlydefined
npm/npmjs/@babel/plugin-transform-object-super/7.12.1, MIT, approved, clearlydefined
npm/npmjs/-/is-electron/2.2.0, MIT, approved, clearlydefined
npm/npmjs/@babel/helper-hoist-variables/7.10.4, MIT, approved, clearlydefined
npm/npmjs/-/serve-static/1.14.1, MIT, approved, clearlydefined
npm/npmjs/@babel/plugin-transform-dotall-regex/7.12.1, MIT, approved, clearlydefined
npm/npmjs/-/arrify/2.0.1, MIT, approved, clearlydefined
npm/npmjs/-/elliptic/6.5.3, MIT, approved, clearlydefined
npm/npmjs/-/chownr/2.0.0, ISC, approved, clearlydefined
npm/npmjs/-/chromium-pickle-js/0.2.0, MIT, approved, clearlydefined
npm/npmjs/-/aggregate-error/3.1.0, MIT, approved, clearlydefined
npm/npmjs/-/dotenv-expand/5.1.0, BSD-2-Clause, approved, clearlydefined
npm/npmjs/-/inquirer/7.3.3, MIT, approved, clearlydefined
npm/npmjs/-/autosize/4.0.2, MIT, approved, clearlydefined
npm/npmjs/-/ansi-escapes/4.3.1, MIT, approved, clearlydefined
npm/npmjs/-/esrecurse/4.3.0, BSD-2-Clause, approved, clearlydefined
npm/npmjs/-/to-readable-stream/1.0.0, MIT, approved, clearlydefined
npm/npmjs/-/bent/7.3.12, Apache-2.0, approved, clearlydefined
npm/npmjs/-/scheduler/0.19.1, MIT, approved, clearlydefined
npm/npmjs/-/node-releases/1.1.64, MIT, approved, clearlydefined
npm/npmjs/-/is-callable/1.2.2, MIT, approved, clearlydefined
npm/npmjs/-/rimraf/3.0.2, ISC, approved, clearlydefined
npm/npmjs/-/pkg-up/3.1.0, MIT, approved, clearlydefined
npm/npmjs/-/term-size/2.2.0, MIT, approved, clearlydefined
npm/npmjs/@babel/plugin-transform-regenerator/7.12.1, MIT, approved, clearlydefined
npm/npmjs/-/idb/4.0.5, ISC, approved, clearlydefined
npm/npmjs/-/string.prototype.trimstart/1.0.2, MIT, approved, clearlydefined
npm/npmjs/-/react-is/16.13.1, MIT, approved, clearlydefined
npm/npmjs/-/fs-minipass/2.1.0, ISC, approved, clearlydefined
npm/npmjs/-/vscode-uri/2.1.2, MIT, approved, clearlydefined
npm/npmjs/-/lines-and-columns/1.1.6, MIT, approved, clearlydefined
npm/npmjs/@babel/plugin-transform-typeof-symbol/7.12.1, MIT, approved, clearlydefined
npm/npmjs/@babel/plugin-syntax-dynamic-import/7.8.3, MIT, approved, clearlydefined
npm/npmjs/@babel/compat-data/7.12.1, MIT, approved, clearlydefined
npm/npmjs/-/figgy-pudding/3.5.2, ISC, approved, clearlydefined
npm/npmjs/-/is-object/1.0.1, MIT, approved, clearlydefined
npm/npmjs/-/buffer-indexof-polyfill/1.0.2, MIT, approved, clearlydefined
npm/npmjs/@babel/helper-module-imports/7.12.1, MIT, approved, clearlydefined
npm/npmjs/-/object.omit/2.0.1, MIT, approved, clearlydefined
npm/npmjs/-/trash/6.1.1, MIT, approved, clearlydefined
npm/npmjs/-/type-fest/0.11.0, MIT OR (CC0-1.0 AND MIT), approved, clearlydefined
npm/npmjs/-/replace-ext/1.0.1, MIT, approved, clearlydefined
npm/npmjs/-/worker-farm/1.7.0, MIT, approved, clearlydefined
npm/npmjs/@babel/plugin-proposal-nullish-coalescing-operator/7.12.1, MIT, approved, clearlydefined
npm/npmjs/@babel/plugin-transform-named-capturing-groups-regex/7.12.1, MIT, approved, clearlydefined
npm/npmjs/-/has-symbol-support-x/1.4.2, MIT, approved, clearlydefined
npm/npmjs/-/sanitize-filename/1.6.3, ISC OR WTFPL OR (ISC AND WTFPL), approved, clearlydefined
npm/npmjs/@babel/plugin-transform-property-literals/7.12.1, MIT, approved, clearlydefined
npm/npmjs/-/pretty-bytes/5.4.1, MIT, approved, clearlydefined
npm/npmjs/@phosphor/virtualdom/1.2.0, BSD-3-Clause, approved, clearlydefined
npm/npmjs/-/convert-source-map/1.7.0, MIT, approved, clearlydefined
npm/npmjs/@babel/plugin-syntax-json-strings/7.8.3, MIT, approved, clearlydefined
npm/npmjs/@babel/plugin-transform-sticky-regex/7.12.1, MIT, approved, clearlydefined
npm/npmjs/-/inversify/5.0.1, MIT, approved, clearlydefined
npm/npmjs/-/filenamify/4.2.0, MIT, approved, clearlydefined
npm/npmjs/-/hash-base/3.1.0, MIT, approved, clearlydefined
npm/npmjs/-/has-values/0.1.4, MIT, approved, clearlydefined
npm/npmjs/-/raw-body/2.4.0, MIT, approved, clearlydefined
npm/npmjs/-/ps-tree/1.2.0, MIT, approved, clearlydefined
npm/npmjs/@types/linkify-it/2.1.0, MIT, approved, clearlydefined
npm/npmjs/-/component-emitter/1.3.0, MIT, approved, clearlydefined
npm/npmjs/-/dompurify/2.1.1, Apache-2.0 OR MPL-2.0 OR (Apache-2.0 AND MPL-2.0), approved, clearlydefined
npm/npmjs/-/copy-webpack-plugin/4.6.0, MIT, approved, clearlydefined
npm/npmjs/-/cloneable-readable/1.1.3, MIT, approved, clearlydefined
npm/npmjs/@webassemblyjs/utf8/1.9.0, MIT, approved, clearlydefined
npm/npmjs/-/utf8-byte-length/1.0.4, WTFPL, approved, clearlydefined
npm/npmjs/-/dotenv/8.2.0, BSD-2-Clause, approved, clearlydefined
npm/npmjs/@webassemblyjs/wasm-parser/1.9.0, MIT, approved, clearlydefined
npm/npmjs/@babel/plugin-syntax-export-namespace-from/7.8.3, MIT, approved, clearlydefined
npm/npmjs/-/jsonc-parser/2.3.1, MIT, approved, clearlydefined
npm/npmjs/-/is-retry-allowed/1.2.0, MIT, approved, clearlydefined
npm/npmjs/-/node-libs-browser/2.2.1, MIT, approved, clearlydefined
npm/npmjs/-/drivelist/9.1.0, Apache-2.0, approved, clearlydefined
npm/npmjs/@babel/plugin-syntax-logical-assignment-operators/7.10.4, MIT, approved, clearlydefined
npm/npmjs/-/body-parser/1.19.0, MIT, approved, clearlydefined
npm/npmjs/-/js-base64/2.6.4, BSD-3-Clause, approved, clearlydefined
npm/npmjs/@babel/helper-function-name/7.10.4, MIT, approved, clearlydefined
npm/npmjs/-/clone-stats/1.0.0, MIT, approved, clearlydefined
npm/npmjs/@types/events/3.0.0, MIT, approved, clearlydefined
npm/npmjs/-/strip-bom-buf/1.0.0, MIT, approved, clearlydefined
npm/npmjs/-/circular-dependency-plugin/5.2.0, ISC, approved, clearlydefined
npm/npmjs/-/unicode-property-aliases-ecmascript/1.1.0, MIT, approved, clearlydefined
npm/npmjs/@webassemblyjs/ieee754/1.9.0, MIT, approved, clearlydefined
npm/npmjs/@babel/plugin-transform-template-literals/7.12.1, MIT, approved, clearlydefined
npm/npmjs/-/agent-base/5.1.1, MIT, approved, clearlydefined
npm/npmjs/-/error/7.2.1, MIT, approved, clearlydefined
npm/npmjs/-/core-js/3.6.5, MIT, approved, clearlydefined
npm/npmjs/-/arr-diff/2.0.0, MIT, approved, clearlydefined
npm/npmjs/@babel/plugin-transform-computed-properties/7.12.1, MIT, approved, clearlydefined
npm/npmjs/-/chardet/0.7.0, MIT, approved, clearlydefined
npm/npmjs/-/npm-conf/1.1.3, MIT, approved, clearlydefined
npm/npmjs/@babel/plugin-transform-reserved-words/7.12.1, MIT, approved, clearlydefined
npm/npmjs/-/electron-rebuild/1.11.0, MIT, approved, clearlydefined
npm/npmjs/-/chalk/4.1.0, MIT, approved, clearlydefined
npm/npmjs/@babel/helper-validator-identifier/7.10.4, MIT, approved, clearlydefined
npm/npmjs/@babel/preset-modules/0.1.4, MIT, approved, clearlydefined
npm/npmjs/-/which/2.0.2, ISC, approved, clearlydefined
npm/npmjs/@types/debug/4.1.5, MIT, approved, clearlydefined
npm/npmjs/@babel/plugin-transform-arrow-functions/7.12.1, MIT, approved, clearlydefined
npm/npmjs/-/electron-publish/22.9.1, MIT, approved, clearlydefined
npm/npmjs/-/ansi-regex/3.0.0, MIT, approved, clearlydefined
npm/npmjs/-/string_decoder/1.3.0, MIT, approved, clearlydefined
npm/npmjs/@types/semver/7.3.4, MIT, approved, clearlydefined
npm/npmjs/-/sumchecker/2.0.2, Apache-2.0, approved, clearlydefined
npm/npmjs/@webassemblyjs/wast-parser/1.9.0, MIT, approved, clearlydefined
npm/npmjs/@babel/helper-explode-assignable-expression/7.12.1, MIT, approved, clearlydefined
npm/npmjs/@phosphor/widgets/1.9.3, BSD-3-Clause, approved, clearlydefined
npm/npmjs/@phosphor/commands/1.7.2, BSD-3-Clause, approved, clearlydefined
npm/npmjs/-/is-date-object/1.0.2, MIT, approved, clearlydefined
npm/npmjs/-/connect/3.7.0, MIT, approved, clearlydefined
npm/npmjs/-/tar/6.0.5, ISC, approved, clearlydefined
npm/npmjs/@babel/plugin-transform-function-name/7.12.1, MIT, approved, clearlydefined
npm/npmjs/-/neo-async/2.6.2, MIT, approved, clearlydefined
npm/npmjs/@types/tapable/1.0.6, MIT, approved, clearlydefined
npm/npmjs/-/strip-bom/3.0.0, MIT, approved, clearlydefined
npm/npmjs/-/node-environment-flags/1.0.6, Apache-2.0, approved, clearlydefined
npm/npmjs/-/has-symbols/1.0.1, MIT, approved, clearlydefined
npm/npmjs/-/infer-owner/1.0.4, ISC, approved, clearlydefined
npm/npmjs/-/fast-json-stable-stringify/2.1.0, MIT, approved, clearlydefined
npm/npmjs/-/p-debounce/2.1.0, MIT, approved, clearlydefined
npm/npmjs/-/url-to-options/1.0.1, MIT, approved, clearlydefined
npm/npmjs/@yarnpkg/lockfile/1.1.0, BSD-2-Clause, approved, clearlydefined
npm/npmjs/-/dom-serializer/1.1.0, MIT, approved, clearlydefined
npm/npmjs/@babel/plugin-proposal-json-strings/7.12.1, MIT, approved, clearlydefined
npm/npmjs/-/debounce-fn/3.0.1, MIT, approved, clearlydefined
npm/npmjs/@babel/plugin-proposal-dynamic-import/7.12.1, MIT, approved, clearlydefined
npm/npmjs/-/escape-string-regexp/4.0.0, MIT, approved, clearlydefined
npm/npmjs/-/watchpack/1.7.4, MIT, approved, clearlydefined
npm/npmjs/-/sort-keys/1.1.2, MIT, approved, clearlydefined
npm/npmjs/-/ansi-colors/3.2.3, MIT, approved, clearlydefined
npm/npmjs/-/flow-parser/0.136.0, MIT, approved, clearlydefined
npm/npmjs/@babel/helper-create-class-features-plugin/7.12.1, MIT, approved, clearlydefined
npm/npmjs/-/mem-fs/1.2.0, MIT, approved, clearlydefined
npm/npmjs/@babel/plugin-syntax-class-properties/7.12.1, MIT, approved, clearlydefined
npm/npmjs/-/perfect-scrollbar/1.5.0, MIT, approved, clearlydefined
npm/npmjs/-/shebang-command/2.0.0, MIT, approved, clearlydefined
npm/npmjs/-/hosted-git-info/2.8.8, ISC, approved, clearlydefined
npm/npmjs/-/download-stats/0.3.4, MIT, approved, clearlydefined
npm/npmjs/@babel/plugin-syntax-top-level-await/7.12.1, MIT, approved, clearlydefined
npm/npmjs/@babel/plugin-transform-async-to-generator/7.12.1, MIT, approved, clearlydefined
npm/npmjs/-/yargs-parser/20.2.3, ISC, approved, clearlydefined
npm/npmjs/@webassemblyjs/helper-buffer/1.9.0, MIT, approved, clearlydefined
npm/npmjs/-/cyclist/1.0.1, MIT, approved, clearlydefined
npm/npmjs/-/node-fetch/2.6.1, MIT, approved, clearlydefined
npm/npmjs/-/crypto-random-string/2.0.0, MIT, approved, clearlydefined
npm/npmjs/@types/cookie/0.3.3, MIT, approved, clearlydefined
npm/npmjs/@babel/helper-plugin-utils/7.10.4, MIT, approved, clearlydefined
npm/npmjs/@phosphor/algorithm/1.2.0, BSD-3-Clause, approved, clearlydefined
npm/npmjs/@babel/plugin-transform-parameters/7.12.1, MIT, approved, clearlydefined
npm/npmjs/-/loader-runner/2.4.0, MIT, approved, clearlydefined
npm/npmjs/@babel/plugin-transform-unicode-escapes/7.12.1, MIT, approved, clearlydefined
npm/npmjs/-/xterm/4.9.0, MIT, approved, clearlydefined
npm/npmjs/-/configstore/5.0.1, BSD-2-Clause, approved, clearlydefined
npm/npmjs/-/jsonfile/6.0.1, MIT, approved, clearlydefined
npm/npmjs/-/is-negative-zero/2.0.0, MIT, approved, clearlydefined
npm/npmjs/-/mime-db/1.44.0, MIT, approved, clearlydefined
npm/npmjs/-/color-string/0.3.0, MIT, approved, clearlydefined
npm/npmjs/-/puppeteer/2.1.1, Apache-2.0, approved, clearlydefined
npm/npmjs/-/sprintf-js/1.1.2, BSD-3-Clause, approved, clearlydefined
npm/npmjs/-/vinyl-file/3.0.0, MIT, approved, clearlydefined
npm/npmjs/@types/anymatch/1.3.1, MIT, approved, clearlydefined
npm/npmjs/-/matcher/3.0.0, MIT, approved, clearlydefined
npm/npmjs/@types/express/4.17.8, MIT, approved, clearlydefined
npm/npmjs/-/randombytes/2.1.0, MIT, approved, clearlydefined
npm/npmjs/-/events/3.2.0, MIT, approved, clearlydefined
npm/npmjs/-/vscode-ripgrep/1.9.0, MIT, approved, clearlydefined
npm/npmjs/-/clone-buffer/1.0.0, MIT, approved, clearlydefined
npm/npmjs/@babel/helper-split-export-declaration/7.11.0, MIT, approved, clearlydefined
npm/npmjs/-/resolve/1.18.1, MIT, approved, clearlydefined
npm/npmjs/-/node-abi/2.19.1, MIT, approved, clearlydefined
npm/npmjs/-/boolean/3.0.1, MIT, approved, clearlydefined
npm/npmjs/-/electron/9.3.2, MIT, approved, clearlydefined
npm/npmjs/-/responselike/1.0.2, MIT, approved, clearlydefined
npm/npmjs/-/semver-compare/1.0.0, MIT, approved, clearlydefined
npm/npmjs/-/strict-uri-encode/1.1.0, MIT, approved, clearlydefined
npm/npmjs/@babel/core/7.12.3, MIT, approved, clearlydefined
npm/npmjs/-/linkify-it/2.2.0, MIT, approved, clearlydefined
npm/npmjs/-/https-proxy-agent/4.0.0, MIT, approved, clearlydefined
npm/npmjs/-/browserify-sign/4.2.1, ISC, approved, clearlydefined
npm/npmjs/-/cacache/12.0.4, ISC, approved, clearlydefined
npm/npmjs/-/bytes/3.1.0, MIT, approved, clearlydefined
npm/npmjs/-/parallel-transform/1.2.0, MIT, approved, clearlydefined
npm/npmjs/-/nested-error-stacks/2.1.0, MIT, approved, clearlydefined
npm/npmjs/-/semver/7.3.2, ISC, approved, clearlydefined
npm/npmjs/-/source-list-map/0.1.8, MIT, approved, clearlydefined
npm/npmjs/-/json-parse-even-better-errors/2.3.1, MIT, approved, clearlydefined
npm/npmjs/-/sshpk/1.16.1, MIT, approved, clearlydefined
npm/npmjs/@babel/types/7.12.1, MIT, approved, clearlydefined
npm/npmjs/-/graceful-fs/4.2.4, ISC, approved, clearlydefined
npm/npmjs/-/simple-get/3.1.0, MIT, approved, clearlydefined
npm/npmjs/-/cli-spinners/0.1.2, MIT, approved, clearlydefined
npm/npmjs/@babel/helper-skip-transparent-expression-wrappers/7.12.1, MIT, approved, clearlydefined
npm/npmjs/-/binary-extensions/1.13.1, MIT, approved, clearlydefined
npm/npmjs/-/vscode-jsonrpc/5.0.1, MIT, approved, clearlydefined
npm/npmjs/-/serialize-error/7.0.1, MIT, approved, clearlydefined
npm/npmjs/-/npm-run-path/4.0.1, MIT, approved, clearlydefined
npm/npmjs/@babel/helper-remap-async-to-generator/7.12.1, MIT, approved, clearlydefined
npm/npmjs/@babel/plugin-transform-for-of/7.12.1, MIT, approved, clearlydefined
npm/npmjs/-/reconnecting-websocket/4.4.0, MIT, approved, clearlydefined
npm/npmjs/@babel/helper-get-function-arity/7.10.4, MIT, approved, clearlydefined
npm/npmjs/-/regenerate-unicode-properties/8.2.0, MIT, approved, clearlydefined
npm/npmjs/-/listenercount/1.0.1, ISC, approved, clearlydefined
npm/npmjs/@babel/plugin-proposal-optional-catch-binding/7.12.1, MIT, approved, clearlydefined
npm/npmjs/-/is-yarn-global/0.3.0, MIT, approved, clearlydefined
npm/npmjs/@babel/template/7.10.4, MIT, approved, clearlydefined
npm/npmjs/-/lazy-cache/2.0.2, MIT, approved, clearlydefined
npm/npmjs/-/vhost/3.0.2, MIT, approved, clearlydefined
npm/npmjs/-/glob-parent/5.1.1, ISC, approved, clearlydefined
npm/npmjs/-/ci-info/2.0.0, MIT, approved, clearlydefined
npm/npmjs/-/clsx/1.1.1, MIT, approved, clearlydefined
npm/npmjs/@stroncium/procfs/1.2.1, CC0-1.0, approved, clearlydefined
npm/npmjs/-/braces/1.8.5, MIT, approved, clearlydefined
npm/npmjs/-/global-tunnel-ng/2.7.1, BSD-3-Clause, approved, clearlydefined
npm/npmjs/-/pdfobject/2.2.4, MIT, approved, clearlydefined
npm/npmjs/-/filelist/1.0.1, Apache-2.0, approved, clearlydefined
npm/npmjs/-/lcid/2.0.0, MIT, approved, clearlydefined
npm/npmjs/@babel/plugin-transform-block-scoped-functions/7.12.1, MIT, approved, clearlydefined
npm/npmjs/-/is-symbol/1.0.3, MIT, approved, clearlydefined
npm/npmjs/-/v8-to-istanbul/1.2.1, ISC, approved, clearlydefined
npm/npmjs/-/define-properties/1.1.3, MIT, approved, clearlydefined
npm/npmjs/-/decompress-response/4.2.1, MIT, approved, clearlydefined
npm/npmjs/-/color-convert/2.0.1, MIT, approved, clearlydefined
npm/npmjs/-/axios/0.18.1, MIT, approved, clearlydefined
npm/npmjs/-/serialize-javascript/4.0.0, BSD-3-Clause, approved, clearlydefined
npm/npmjs/-/is-path-inside/3.0.2, MIT, approved, clearlydefined
npm/npmjs/-/mkdirp/1.0.4, MIT, approved, clearlydefined
npm/npmjs/-/minizlib/2.1.2, MIT, approved, clearlydefined
npm/npmjs/@babel/plugin-transform-modules-commonjs/7.12.1, MIT, approved, clearlydefined
npm/npmjs/-/fill-range/2.2.4, MIT, approved, clearlydefined
npm/npmjs/-/os-locale/3.1.0, MIT, approved, clearlydefined
npm/npmjs/-/async/0.9.2, MIT, approved, clearlydefined
npm/npmjs/@types/react-dom/16.9.8, MIT, approved, clearlydefined
npm/npmjs/-/clone-response/1.0.2, MIT, approved, clearlydefined
npm/npmjs/-/github-username/3.0.0, MIT, approved, clearlydefined
npm/npmjs/-/cp-file/6.2.0, MIT, approved, clearlydefined
npm/npmjs/-/has-flag/4.0.0, MIT, approved, clearlydefined
npm/npmjs/@babel/helper-validator-option/7.12.1, MIT, approved, clearlydefined
npm/npmjs/-/terser/4.8.0, BSD-2-Clause, approved, clearlydefined
npm/npmjs/@types/showdown/1.9.3, MIT, approved, clearlydefined
npm/npmjs/-/prebuild-install/5.3.6, MIT, approved, clearlydefined
npm/npmjs/@types/requestretry/1.12.7, MIT, approved, clearlydefined
npm/npmjs/-/clone/2.1.2, MIT, approved, clearlydefined
npm/npmjs/-/registry-url/5.1.0, MIT, approved, clearlydefined
npm/npmjs/@babel/plugin-transform-runtime/7.12.1, MIT, approved, clearlydefined
npm/npmjs/-/yargs/13.3.2, MIT, approved, clearlydefined
npm/npmjs/@babel/plugin-proposal-numeric-separator/7.12.1, MIT, approved, clearlydefined
npm/npmjs/@types/body-parser/1.19.0, MIT, approved, clearlydefined
npm/npmjs/-/has-color/0.1.7, MIT, approved, clearlydefined
npm/npmjs/-/moment/2.29.1, MIT, approved, clearlydefined
npm/npmjs/-/p-cancelable/0.3.0, MIT, approved, clearlydefined
npm/npmjs/-/is-finite/1.1.0, MIT, approved, clearlydefined
npm/npmjs/-/commander/2.20.3, MIT, approved, clearlydefined
npm/npmjs/-/bytesish/0.4.4, Apache-2.0 AND MIT, approved, clearlydefined
npm/npmjs/-/proto-list/1.2.4, ISC, approved, clearlydefined
npm/npmjs/@types/which/1.3.2, MIT, approved, clearlydefined
npm/npmjs/-/cross-spawn/4.0.2, MIT, approved, clearlydefined
npm/npmjs/@webassemblyjs/helper-code-frame/1.9.0, MIT, approved, clearlydefined
npm/npmjs/@types/fs-extra/9.0.2, MIT, approved, clearlydefined
npm/npmjs/-/restore-cursor/3.1.0, MIT, approved, clearlydefined
npm/npmjs/-/iconv-lite/0.6.2, MIT, approved, clearlydefined
npm/npmjs/@types/webpack-sources/2.0.0, MIT, approved, clearlydefined
npm/npmjs/@babel/plugin-proposal-class-properties/7.12.1, MIT, approved, clearlydefined
npm/npmjs/-/is-core-module/2.0.0, MIT, approved, clearlydefined
npm/npmjs/-/supports-color/6.0.0, MIT, approved, clearlydefined
npm/npmjs/-/merge-stream/2.0.0, MIT, approved, clearlydefined
npm/npmjs/-/ws/6.2.1, MIT, approved, clearlydefined
npm/npmjs/-/prop-types/15.7.2, MIT, approved, clearlydefined
npm/npmjs/-/assert/1.5.0, MIT, approved, clearlydefined
npm/npmjs/-/call-me-maybe/1.0.1, MIT, approved, clearlydefined
npm/npmjs/-/object-inspect/1.8.0, MIT, approved, clearlydefined
npm/npmjs/@phosphor/signaling/1.3.1, BSD-3-Clause, approved, clearlydefined
npm/npmjs/-/has-yarn/2.1.0, MIT, approved, clearlydefined
npm/npmjs/-/expand-brackets/0.1.5, MIT, approved, clearlydefined
npm/npmjs/-/globalthis/1.0.1, MIT, approved, clearlydefined
npm/npmjs/-/picomatch/2.2.2, MIT, approved, clearlydefined
npm/npmjs/-/latest-version/5.1.0, MIT, approved, clearlydefined
npm/npmjs/@babel/plugin-transform-modules-amd/7.12.1, MIT, approved, clearlydefined
npm/npmjs/-/truncate-utf8-bytes/1.0.2, WTFPL, approved, clearlydefined
npm/npmjs/@webassemblyjs/wasm-opt/1.9.0, MIT, approved, clearlydefined
npm/npmjs/-/webpack/4.44.2, MIT, approved, clearlydefined
npm/npmjs/-/isurl/1.0.0, MIT, approved, clearlydefined
npm/npmjs/-/http-status-codes/1.4.0, MIT, approved, clearlydefined
npm/npmjs/@types/dompurify/2.0.4, MIT, approved, clearlydefined
npm/npmjs/-/electron-store/5.2.0, MIT, approved, clearlydefined
npm/npmjs/-/asn1.js/5.4.1, MIT, approved, clearlydefined
npm/npmjs/-/fix-path/3.0.0, MIT, approved, clearlydefined
npm/npmjs/-/vscode-languageserver-protocol/3.15.3, MIT, approved, clearlydefined
npm/npmjs/-/defer-to-connect/1.1.3, MIT, approved, clearlydefined
npm/npmjs/-/vscode-ws-jsonrpc/0.2.0, MIT, approved, clearlydefined
npm/npmjs/-/bluebird/3.4.7, MIT, approved, clearlydefined
npm/npmjs/-/proxy-from-env/1.1.0, MIT, approved, clearlydefined
npm/npmjs/-/mute-stream/0.0.8, ISC, approved, clearlydefined
npm/npmjs/-/has-to-string-tag-x/1.4.1, MIT, approved, clearlydefined
npm/npmjs/-/for-own/0.1.5, MIT, approved, clearlydefined
npm/npmjs/@babel/plugin-proposal-object-rest-spread/7.12.1, MIT, approved, clearlydefined
npm/npmjs/-/yeoman-generator/4.12.0, BSD-2-Clause, approved, clearlydefined
npm/npmjs/@babel/plugin-transform-duplicate-keys/7.12.1, MIT, approved, clearlydefined
npm/npmjs/-/domelementtype/2.0.2, BSD-2-Clause, approved, clearlydefined
npm/npmjs/-/uuid/3.4.0, MIT, approved, clearlydefined
npm/npmjs/-/cssesc/3.0.0, MIT, approved, clearlydefined
npm/npmjs/-/unique-string/2.0.0, MIT, approved, clearlydefined
npm/npmjs/@babel/plugin-syntax-numeric-separator/7.10.4, MIT, approved, clearlydefined
npm/npmjs/-/tar-fs/2.1.0, MIT, approved, clearlydefined
npm/npmjs/@mrmlnc/readdir-enhanced/2.2.1, MIT, approved, clearlydefined
npm/npmjs/-/htmlparser2/4.1.0, MIT, approved, clearlydefined
npm/npmjs/-/is-posix-bracket/0.1.1, MIT, approved, clearlydefined
npm/npmjs/-/ipaddr.js/1.9.1, MIT, approved, clearlydefined
npm/npmjs/@webassemblyjs/helper-wasm-section/1.9.0, MIT, approved, clearlydefined
npm/npmjs/@babel/plugin-proposal-private-methods/7.12.1, MIT, approved, clearlydefined
npm/npmjs/-/webpack-sources/1.4.3, MIT, approved, clearlydefined
npm/npmjs/-/minipass/3.1.3, ISC, approved, clearlydefined
npm/npmjs/@babel/plugin-transform-literals/7.12.1, MIT, approved, clearlydefined
npm/npmjs/-/dom-helpers/5.2.0, MIT, approved, clearlydefined
npm/npmjs/@babel/helper-optimise-call-expression/7.10.4, MIT, approved, clearlydefined
npm/npmjs/-/read-pkg-up/5.0.0, MIT, approved, clearlydefined
npm/npmjs/@babel/helper-annotate-as-pure/7.10.4, MIT, approved, clearlydefined
npm/npmjs/@babel/plugin-transform-member-expression-literals/7.12.1, MIT, approved, clearlydefined
npm/npmjs/-/widest-line/3.1.0, MIT, approved, clearlydefined
npm/npmjs/@electron/get/1.12.2, MIT, approved, clearlydefined
npm/npmjs/@types/node-fetch/2.5.7, MIT, approved, clearlydefined
npm/npmjs/-/fast-glob/2.2.7, MIT, approved, clearlydefined
npm/npmjs/@types/source-list-map/0.1.2, MIT, approved, clearlydefined
npm/npmjs/-/toidentifier/1.0.0, MIT, approved, clearlydefined
npm/npmjs/-/pbkdf2/3.1.1, MIT, approved, clearlydefined
npm/npmjs/-/trim-repeated/1.0.0, MIT, approved, clearlydefined
npm/npmjs/-/gensync/1.0.0-beta.1, MIT, approved, clearlydefined
npm/npmjs/-/boxen/4.2.0, MIT, approved, clearlydefined
npm/npmjs/@babel/plugin-proposal-export-namespace-from/7.12.1, MIT, approved, clearlydefined
npm/npmjs/@webassemblyjs/wast-printer/1.9.0, MIT, approved, clearlydefined
npm/npmjs/-/yeoman-environment/2.10.3, BSD-2-Clause, approved, clearlydefined
npm/npmjs/@babel/plugin-proposal-unicode-property-regex/7.12.1, MIT, approved, clearlydefined
npm/npmjs/@babel/traverse/7.12.1, MIT, approved, clearlydefined
npm/npmjs/-/unbzip2-stream/1.4.3, MIT, approved, clearlydefined
npm/npmjs/-/react-autosize-textarea/7.1.0, MIT, approved, clearlydefined
npm/npmjs/-/builder-util/22.9.1, MIT, approved, clearlydefined
npm/npmjs/-/spdx-exceptions/2.3.0, CC-BY-3.0, approved, clearlydefined
npm/npmjs/-/read-chunk/3.2.0, MIT, approved, clearlydefined
npm/npmjs/-/clean-stack/2.2.0, MIT, approved, clearlydefined
npm/npmjs/-/follow-redirects/1.5.10, MIT, approved, clearlydefined
npm/npmjs/@babel/plugin-proposal-optional-chaining/7.12.1, MIT, approved, clearlydefined
npm/npmjs/@babel/preset-env/7.12.1, MIT, approved, clearlydefined
npm/npmjs/@types/mocha/5.2.7, MIT, approved, clearlydefined
npm/npmjs/-/tunnel/0.0.6, MIT, approved, clearlydefined
npm/npmjs/-/p-defer/1.0.0, MIT, approved, clearlydefined
npm/npmjs/@types/qs/6.9.5, MIT, approved, clearlydefined
npm/npmjs/-/babel-loader/8.1.0, MIT, approved, clearlydefined
npm/npmjs/-/pupa/2.0.1, MIT, approved, clearlydefined
npm/npmjs/-/xterm-addon-fit/0.3.0, MIT, approved, clearlydefined
npm/npmjs/-/cli-width/3.0.0, ISC, approved, clearlydefined
npm/npmjs/-/p-is-promise/1.1.0, MIT, approved, clearlydefined
npm/npmjs/-/requestretry/3.1.0, MIT, approved, clearlydefined
npm/npmjs/-/global-agent/2.1.12, BSD-3-Clause, approved, clearlydefined
npm/npmjs/-/vscode-textmate/4.4.0, MIT, approved, clearlydefined
npm/npmjs/@babel/plugin-transform-spread/7.12.1, MIT, approved, clearlydefined
npm/npmjs/@webassemblyjs/helper-module-context/1.9.0, MIT, approved, clearlydefined
npm/npmjs/@babel/plugin-transform-exponentiation-operator/7.12.1, MIT, approved, clearlydefined
npm/npmjs/-/human-signals/1.1.1, Apache-2.0, approved, clearlydefined
npm/npmjs/-/defaults/1.0.3, MIT, approved, clearlydefined
npm/npmjs/-/p-limit/2.3.0, MIT, approved, clearlydefined
npm/npmjs/@babel/plugin-transform-shorthand-properties/7.12.1, MIT, approved, clearlydefined
npm/npmjs/-/object.getownpropertydescriptors/2.1.0, MIT, approved, clearlydefined
npm/npmjs/-/shebang-regex/3.0.0, MIT, approved, clearlydefined
npm/npmjs/-/duplexify/3.7.1, MIT, approved, clearlydefined
npm/npmjs/@babel/generator/7.12.1, MIT, approved, clearlydefined
npm/npmjs/-/domutils/2.4.2, BSD-2-Clause, approved, clearlydefined
npm/npmjs/-/object-keys/0.4.0, MIT, approved, clearlydefined
npm/npmjs/-/diff/4.0.2, BSD-3-Clause, approved, clearlydefined
npm/npmjs/-/binaryextensions/2.3.0, unknown, restricted, none
npm/npmjs/-/detect-node/2.0.4, unknown, restricted, none
npm/npmjs/-/wcwidth/1.0.1, unknown, restricted, none
npm/npmjs/-/jschardet/2.2.1, unknown, restricted, none
npm/npmjs/-/app-builder-lib/22.9.1, unknown, restricted, none
npm/npmjs/-/highlight.js/9.18.3, unknown, restricted, none
npm/npmjs/@types/react/16.9.53, unknown, restricted, none
npm/npmjs/-/typescript/4.0.3, unknown, restricted, none
npm/npmjs/-/errlop/2.2.0, unknown, restricted, none
npm/npmjs/-/app-builder-bin/3.5.10, unknown, restricted, none
npm/npmjs/-/editions/2.3.1, unknown, restricted, none
npm/npmjs/@babel/parser/7.12.3, unknown, restricted, none
npm/npmjs/-/date-fns/1.30.1, unknown, restricted, none
npm/npmjs/-/jake/10.8.2, unknown, restricted, none
npm/npmjs/-/expand-template/2.0.3, unknown, restricted, none
npm/npmjs/-/node-gyp/6.1.0, unknown, restricted, none
npm/npmjs/-/native-request/1.0.7, unknown, restricted, none
npm/npmjs/-/xtend/2.1.2, unknown, restricted, none
npm/npmjs/@types/yargs/15.0.9, unknown, restricted, none
npm/npmjs/@types/express-serve-static-core/4.17.13, unknown, restricted, none
npm/npmjs/-/istextorbinary/2.6.0, unknown, restricted, none
npm/npmjs/-/watchpack-chokidar2/2.0.0, unknown, restricted, none
npm/npmjs/-/chokidar/2.1.8, unknown, restricted, none
npm/npmjs/-/uri-js/4.4.0, unknown, restricted, none
npm/npmjs/-/temp-file/3.3.7, unknown, restricted, none
npm/npmjs/@types/trusted-types/1.0.6, unknown, restricted, none
npm/npmjs/-/ejs/3.1.5, unknown, restricted, none
npm/npmjs/-/mocha/7.2.0, unknown, restricted, none
npm/npmjs/@webassemblyjs/leb128/1.9.0, unknown, restricted, none
npm/npmjs/-/vscode-debugprotocol/1.42.0, unknown, restricted, none
npm/npmjs/-/lazy-val/1.0.4, unknown, restricted, none
npm/npmjs/-/glob-all/3.2.1, unknown, restricted, none
npm/npmjs/-/textextensions/2.6.0, unknown, restricted, none
npm/npmjs/@webassemblyjs/helper-fsm/1.9.0, unknown, restricted, none
npm/npmjs/-/showdown/1.9.1, unknown, restricted, none
npm/npmjs/-/bluebird-lst/1.0.9, unknown, restricted, none
npm/npmjs/-/normalize-package-data/2.5.0, unknown, restricted, none
npm/npmjs/-/tslib/1.14.1, unknown, restricted, none
npm/npmjs/-/sanitize-html/1.27.5, unknown, restricted, none
npm/npmjs/-/rxjs/6.6.3, unknown, restricted, none
npm/npmjs/-/electron-updater/4.3.5, unknown, restricted, none
npm/npmjs/-/less/3.12.2, unknown, restricted, none
npm/npmjs/-/builder-util-runtime/8.7.2, unknown, restricted, none
